Gathering Spot,"Dark","...",-817,74,-5388
Gathering Spot,"Millet","...",86,45,-4879
Gathering Spot,"Gylia Fish","...",-74,12,-5396
Gathering Spot,"Light","...",-1089,43,-4441
Gathering Spot,"Dark","...",-672,50,-5431
Service,"Armouring Station","...",-1407,45,-4715
Gathering Spot,"Light","...",-890,46,-5032
ServiceNPC,"Blacksmith","...",-464,49,-4918
Gathering Spot,"Light","...",-1409,42,-4631
Gathering Spot,"Millet","...",-194,112,-4437
Gathering Spot,"Dark","...",-719,53,-5493
Territory Post,"Pre-Light Forest Transition","...",-1517,48,-4735
BROKEN,"Gathering Spot","null",-690,45,-4959
Gathering Spot,"Light","...",-951,46,-4584
Gathering Spot,"Oak","...",-356,112,-4512
Gathering Spot,"Oak","...",-1091,44,-5043
Other,"Corrupted","§7Level: §f86",-827,123,-4929
Gathering Spot,"Light","...",-1087,44,-4881
Territory Post,"Viscera Pits East","...",-730,56,-5489
Gathering Spot,"Millet","...",-733,48,-5015
Gathering Spot,"Pine","...",76,44,-4969
Gathering Spot,"Gylia Fish","...",-306,33,-5193
Gathering Spot,"Pine","...",86,44,-5422
Other,"Bucie Bank","§2Bucie Bank",-1449,48,-4731
Gathering Spot,"Light","...",-1323,45,-4565
Gathering Spot,"Oak","...",-611,47,-4825
Gathering Spot,"Light","...",-672,46,-4764
Gathering Spot,"Light","...",-1100,46,-4623
Gathering Spot,"Oak","...",-217,37,-5439
Gathering Spot,"Oak","...",-63,39,-4685
Gathering Spot,"Dark","...",-797,50,-5461
Gathering Spot,"Oak","...",-16,31,-5267
Gathering Spot,"Spruce","...",-558,47,-4806
Gathering Spot,"Pine","...",86,44,-4888
Gathering Spot,"Light","...",-1089,44,-4419
Gathering Spot,"Light","...",-882,46,-4570
Gathering Spot,"Light","...",-1046,45,-5074
Gathering Spot,"Dark","...",-692,55,-5521
Gathering Spot,"Spruce","...",-583,40,-5103
Gathering Spot,"Light","...",-1073,46,-4653
Gathering Spot,"Light","...",-1148,46,-4851
Other,"Right-Click to","§7traverse tunnel",-423,195,-4355
NPC,"Cinfras Citizen","Citizen",-463,47,-4884
Gathering Spot,"Oak","...",-269,34,-5133
Gathering Spot,"Light","...",-1241,42,-4974
Gathering Spot,"Light","...",-1021,47,-4729
Other,"REWARDS","§e§lCLICK TO SEE ALL",-290,49,-4962
Gathering Spot,"Light","...",-941,45,-4631
Gathering Spot,"Spruce","...",-606,41,-5077
Gathering Spot,"Light","...",-1152,45,-4920
Gathering Spot,"Pine","...",93,51,-5283
Gathering Spot,"Light","...",-915,47,-5043
Gathering Spot,"Dark","...",-827,75,-5454
Gathering Spot,"Bamboo","...",183,104,-4371
Gathering Spot,"Light","...",-1097,44,-4526
Gathering Spot,"Pine","...",1,89,-4343
Gathering Spot,"Decay Roots","...",-493,53,-5462
Gathering Spot,"Light","...",-960,44,-4645
Territory Post,"Mesquis Tower","...",-778,60,-5034
Gathering Spot,"Light","...",-807,45,-4728
Gathering Spot,"Dark","...",-823,75,-5449
Gathering Spot,"Millet","...",-722,79,-4486
Gathering Spot,"Pine","...",89,46,-5479
Gathering Spot,"Pine","...",-159,39,-4606
Gathering Spot,"Light","...",-726,44,-4816
Gathering Spot,"Kanderstone","...",-750,34,-5154
Gathering Spot,"Oak","...",-163,38,-4767
Gathering Spot,"Oak","...",-257,33,-5283
Gathering Spot,"Light","...",-568,47,-4780
BROKEN,"Gathering Spot","null",-723,49,-5051
Gathering Spot,"Light","...",-596,45,-4774
Gathering Spot,"Gylia Fish","...",-68,10,-5438
Gathering Spot,"Light","...",-642,47,-4692
Gathering Spot,"Light","...",-1082,44,-4867
Gathering Spot,"Dark","...",-691,45,-5039
Gathering Spot,"Light","...",-976,44,-4586
Gathering Spot,"Light","...",-1182,43,-5031
Gathering Spot,"Gylia Fish","...",-73,12,-5407
Other,"Apothecary","§3Apothecary",-441,49,-5017
Gathering Spot,"Pine","...",-38,96,-4338
Territory Post,"Cinfras County Mid-Lower","...",-13,41,-4845
ServiceNPC,"Tool Merchant","...",-739,45,-4897
Gathering Spot,"Oak","...",-224,34,-5168
Other,"Study of the Goliaths","§2§fStudy of the Goliaths",-303,80,-4888
NPC,"Water Merchant","Merchant",-496,113,-4442
Gathering Spot,"Light","...",-1215,44,-4619
Gathering Spot,"Light","...",-1237,42,-4996
Gathering Spot,"Dark","...",-721,50,-5436
Gathering Spot,"Pine","...",60,42,-5241
ServiceNPC,"Emerald Merchant","...",-425,49,-4910
Gathering Spot,"Dark","...",-823,75,-5458
ServiceNPC,"Scroll Merchant","...",-456,47,-4957
Gathering Spot,"Decay Roots","...",-527,57,-5464
Gathering Spot,"Light","...",-1237,43,-5082
Gathering Spot,"Oak","...",-59,36,-5088
NPC,"Burtur","...",-1025,47,-5302
Gathering Spot,"Light","...",-887,46,-4592
Gathering Spot,"Cobalt","...",-792,54,-4556
Gathering Spot,"Light","...",-1171,46,-4690
Gathering Spot,"Cobalt","...",-160,35,-5131
Gathering Spot,"Light","...",-1208,46,-4914
Gathering Spot,"Light","...",-1170,44,-4622
Gathering Spot,"Cobalt","...",-880,50,-4974
Gathering Spot,"Gylia Fish","...",-75,12,-5399
Other,"Guild Bank","§2Guild Bank",-319,51,-4978
Territory Post,"Canyon Path South East","...",115,77,-4649
Other,"Submit","§aSubmit",-450,120,-4426
Gathering Spot,"Light","...",-857,45,-4562
Gathering Spot,"Millet","...",-759,49,-5018
Gathering Spot,"Light","...",-954,44,-4722
Gathering Spot,"Light","...",-1430,48,-4586
Gathering Spot,"Light","...",-671,94,-4442
Gathering Spot,"Oak","...",-22,35,-5373
Gathering Spot,"Light","...",-1071,50,-4911
Gathering Spot,"Light","...",-1050,46,-5082
Gathering Spot,"Dark","...",-919,77,-5514
Gathering Spot,"Spruce","...",-693,44,-4941
Territory Post,"Light Forest Canyon","...",-779,47,-4744
Gathering Spot,"Light","...",-859,44,-4815
Gathering Spot,"Light","...",-1253,44,-5081
Gathering Spot,"Diamond","...",31,44,-4652
Gathering Spot,"Light","...",-1303,46,-4554
Other,"to activate the shrine.","§bUth Shrine",-216,137,-4460
BROKEN,"Gathering Spot","null",-711,79,-4492
Gathering Spot,"Light","...",-967,45,-4785
Gathering Spot,"Pine","...",-99,110,-4399
Gathering Spot,"Light","...",-1262,44,-5076
Gathering Spot,"Dark","...",-912,49,-5290
Gathering Spot,"Light","...",-1143,48,-4753
Gathering Spot,"Light","...",-729,44,-4845
Gathering Spot,"Dark","...",-728,47,-5358
Gathering Spot,"Light","...",-1165,48,-4737
Gathering Spot,"Light","...",-1043,44,-4891
Gathering Spot,"Light","...",-1242,46,-4909
NPC,"Arnod","...",-1366,43,-4543
Gathering Spot,"Light","...",-1099,26,-5015
Gathering Spot,"Light","...",-852,44,-4578
Gathering Spot,"Dark","...",-708,47,-5334
Other,"Season 7 Banner Reward","§cSeason 7 Banner Reward",-316,50,-4965
BROKEN,"Gathering Spot","null",-682,46,-4819
Gathering Spot,"Dark","...",-502,49,-5435
Gathering Spot,"Oak","...",-12,38,-4664
NPC,"Vaenr","...",-506,113,-4425
Other,"Kalerts Last Notes","§2§fKalerts Last Notes",-176,37,-5476
BROKEN,"Gathering Spot","null",64,45,-4792
Gathering Spot,"Millet","...",-183,35,-5450
Gathering Spot,"Pine","...",-80,37,-4934
Gathering Spot,"Light","...",-638,45,-4675
Gathering Spot,"Light","...",-1080,43,-4883
Gathering Spot,"Pine","...",-84,98,-4347
Other,"juggled there","§a§lAhmsord",-483,49,-4899
Gathering Spot,"Oak","...",-718,44,-4984
Gathering Spot,"Oak","...",-1100,44,-5034
NPC,"Bricot","...",65,43,-4844
Gathering Spot,"Light","...",-688,47,-4621
Other,"Horse Merchant","§eHorse Merchant",-1486,47,-4720
Gathering Spot,"Light","...",-596,45,-4796
Gathering Spot,"Light","...",-1241,44,-4628
Territory Post,"Military Base","...",117,52,-5440
Gathering Spot,"Oak","...",-1067,45,-4951
Gathering Spot,"Gylia Fish","...",-79,7,-5497
Gathering Spot,"Light","...",-1132,49,-4746
Gathering Spot,"Oak","...",-251,38,-4608
NPC,"Cikal","...",-35,68,-5413
Gathering Spot,"Pine","...",57,44,-4560
Gathering Spot,"Pine","...",-97,110,-4378
Gathering Spot,"Light","...",-798,83,-4455
Gathering Spot,"Decay Roots","...",-722,48,-5043
Gathering Spot,"Light","...",-870,45,-4808
NPC,"Art Merchant","Merchant",-227,57,-4982
Service,"Jeweling Station","...",-1405,45,-4707
Gathering Spot,"Pine","...",75,45,-5237
Gathering Spot,"Pine","...",65,44,-5174
Gathering Spot,"Light","...",-797,45,-4587
Gathering Spot,"Oak","...",-9,38,-4765
NPC,"Librarian","...",-287,56,-4887
Gathering Spot,"Light","...",-1428,48,-4588
Territory Post,"Efilim Village","...",-1062,44,-4991
Gathering Spot,"Gylia Fish","...",-29,28,-5221
Gathering Spot,"Pine","...",97,72,-4590
ServiceNPC,"Emerald Merchant","...",-1018,46,-5324
Gathering Spot,"Oak","...",-634,66,-4824
Gathering Spot,"Pine","...",57,44,-5436
Gathering Spot,"Light","...",-937,45,-4626
NPC,"Accessory Merchant","Merchant",-174,101,-4421
Gathering Spot,"Oak","...",-1075,43,-5044
Gathering Spot,"Spruce","...",-536,47,-4786
Gathering Spot,"Light","...",-1107,2,-4772
Gathering Spot,"Dark","...",-559,47,-5316
Gathering Spot,"Oak","...",-301,65,-5481
Gathering Spot,"Light","...",-1079,44,-4668
Gathering Spot,"Light","...",-901,47,-5030
Gathering Spot,"Pine","...",-40,96,-4340
Gathering Spot,"Gylia Fish","...",-75,10,-5430
Gathering Spot,"Light","...",-940,45,-5062
Gathering Spot,"Pine","...",-31,38,-4709
Gathering Spot,"Light","...",-819,47,-4863
Gathering Spot,"Light","...",-1111,46,-4588
BROKEN,"Gathering Spot","null",-546,77,-5530
Gathering Spot,"Pine","...",71,45,-5233
Gathering Spot,"Light","...",-871,44,-4452
Gathering Spot,"Light","...",-1100,45,-4938
Gathering Spot,"Pine","...",89,45,-5469
Gathering Spot,"Kanderstone","...",-745,28,-5134
Gathering Spot,"Light","...",-1074,47,-5097
Gathering Spot,"Light","...",-1406,42,-4652
Gathering Spot,"Millet","...",-749,49,-5024
Gathering Spot,"Light","...",-1304,46,-4925
Gathering Spot,"Dark","...",-804,79,-5519
Gathering Spot,"Oak","...",-304,38,-4623
Gathering Spot,"Millet","...",-742,48,-5016
Gathering Spot,"Light","...",-1091,45,-4926
ServiceNPC,"Tool Merchant","...",-1049,53,-5273
Gathering Spot,"Pine","...",-49,80,-4507
Gathering Spot,"Light","...",-870,46,-4550
Gathering Spot,"Millet","...",-178,102,-4393
Gathering Spot,"Oak","...",-322,59,-4626
Gathering Spot,"Light","...",-1031,44,-4680
Gathering Spot,"Light","...",-908,44,-4747
Gathering Spot,"Oak","...",-745,46,-4935
Gathering Spot,"Cobalt","...",-1108,47,-4576
Gathering Spot,"Light","...",-677,97,-4433
Gathering Spot,"Light","...",-1052,45,-4778
Gathering Spot,"Light","...",-998,45,-4799
Gathering Spot,"Light","...",-1106,45,-4816
Gathering Spot,"Light","...",-669,46,-4633
Gathering Spot,"Light","...",-822,44,-4595
Other,"Stone Inscription","§2§fStone Inscription",-1050,43,-4994
Gathering Spot,"Light","...",-1003,45,-5056
Gathering Spot,"Spruce","...",-583,46,-4949
Gathering Spot,"Oak","...",-1087,43,-5035
Gathering Spot,"Oak","...",-184,40,-5124
Gathering Spot,"Kanderstone","...",-806,57,-5430
ServiceNPC,"Blacksmith","...",-982,49,-5282
Gathering Spot,"Bamboo","...",96,79,-4338
NPC,"Valimare","...",-405,24,-5020
Gathering Spot,"Light","...",-1139,45,-4885
Gathering Spot,"Light","...",-1017,45,-4810
Gathering Spot,"Pine","...",-139,38,-4663
Other,"Laboratory","§6§lLa§kb§6§lora§kto§6§lr§ky",-129,17,-4982
Other,"You Are Here","§6You Are Here",96,46,-4485
Gathering Spot,"Light","...",-892,45,-4745
Gathering Spot,"Light","...",-1343,45,-4551
Gathering Spot,"Oak","...",-150,93,-4459
Gathering Spot,"Light","...",-908,46,-4960
Gathering Spot,"Pine","...",8,70,-4674
Gathering Spot,"Light","...",-718,83,-4457
Gathering Spot,"Millet","...",-873,45,-4500
Territory Post,"Cinfras Thanos Transition","...",69,46,-4990
Other,"Torn Page","§fTorn Page",-132,6,-5511
Gathering Spot,"Pine","...",90,51,-5280
Gathering Spot,"Light","...",-1254,44,-4604
Gathering Spot,"Light","...",-834,51,-4957
Gathering Spot,"Light","...",-1182,45,-4989
Gathering Spot,"Millet","...",-189,110,-4429
Gathering Spot,"Light","...",-861,45,-4562
Gathering Spot,"Light","...",-1127,44,-4916
Gathering Spot,"Cobalt","...",-160,37,-5116
Gathering Spot,"Light","...",-1101,46,-4557
Gathering Spot,"Light","...",-1411,44,-4776
Gathering Spot,"Light","...",-551,44,-4743
Other,"Siegfried Fan Items","§6Siegfried Fan Items",-450,49,-4978
ServiceNPC,"Potion Merchant","...",-1467,42,-4734
Other,"Mysterious Note","§2Mysterious Note",-189,139,-4348
Gathering Spot,"Light","...",-1224,44,-4611
Gathering Spot,"Light","...",-1008,46,-5064
Gathering Spot,"Bamboo","...",165,78,-4361
BROKEN,"Gathering Spot","null",-558,115,-4428
Other,"Orange Potion Base","§6Orange §7Potion Base",-479,114,-4412
ServiceNPC,"Tool Merchant","...",-987,44,-4568
Gathering Spot,"Oak","...",-1436,98,-4532
Gathering Spot,"Light","...",-1307,46,-4938
ServiceNPC,"Dungeon Scroll Merchant","...",-452,48,-5007
Gathering Spot,"Light","...",-679,94,-4439
Gathering Spot,"Light","...",-1177,46,-5079
Gathering Spot,"Light","...",-948,45,-4614
Gathering Spot,"Oak","...",-43,38,-4764
Gathering Spot,"Spruce","...",-457,35,-4764
BROKEN,"Gathering Spot","null",-784,60,-4553
Gathering Spot,"Light","...",-1101,26,-5013
Territory Post,"Gylia Lake South East","...",-51,35,-5240
Other,"Siegfried Figurine","§bSiegfried Figurine",-452,48,-4980
Gathering Spot,"Rice","...",198,95,-4358
Gathering Spot,"Spruce","...",-565,47,-4793
Gathering Spot,"Oak","...",-1119,45,-4969
Gathering Spot,"Pine","...",59,44,-5438
Gathering Spot,"Kanderstone","...",-732,32,-5151
Gathering Spot,"Spruce","...",-712,44,-4912
Gathering Spot,"Kanderstone","...",-701,48,-5574
Gathering Spot,"Light","...",-1083,46,-5087
Gathering Spot,"Oak","...",-41,38,-4762
Gathering Spot,"Light","...",-674,94,-4439
Service,"Housing Balloon","...",-1039,45,-5337
Gathering Spot,"Light","...",-847,45,-4790
Gathering Spot,"Spruce","...",-722,44,-4928
Gathering Spot,"Oak","...",-1128,44,-4979
Gathering Spot,"Light","...",-1063,46,-4441
Gathering Spot,"Millet","...",-707,81,-4485
Gathering Spot,"Dark","...",-812,73,-5377
Gathering Spot,"Light","...",-1223,46,-4909
Territory Post,"Military Base Lower","...",220,80,-5363
Gathering Spot,"Oak","...",-1083,45,-4943
BROKEN,"Gathering Spot","null",-560,75,-5528
Gathering Spot,"Light","...",-1135,45,-4681
Gathering Spot,"Light","...",-799,83,-4480
Gathering Spot,"Decay Roots","...",-644,45,-5096
Gathering Spot,"Dark","...",-584,63,-5493
Gathering Spot,"Light","...",-112,34,-4921
Gathering Spot,"Decay Roots","...",-531,57,-5461
Territory Post,"Hobbit River","...",-882,45,-4503
Gathering Spot,"Pine","...",96,78,-4584
Gathering Spot,"Oak","...",-94,39,-4616
Gathering Spot,"Gylia Fish","...",-76,12,-5395
ServiceNPC,"Weapon Merchant","...",-462,49,-4900
Gathering Spot,"Light","...",-1411,42,-4577
Gathering Spot,"Light","...",-1332,46,-5008
Gathering Spot,"Oak","...",-284,54,-5510
Gathering Spot,"Cobalt","...",-696,19,-4759
Gathering Spot,"Gylia Fish","...",-410,33,-5143
BROKEN,"Gathering Spot","null",-195,114,-4422
Gathering Spot,"Light","...",-1054,47,-5097
Gathering Spot,"Light","...",-853,45,-4554
Gathering Spot,"Oak","...",-146,93,-4448
NPC,"Collector Merchant","Merchant",-235,57,-4985
Gathering Spot,"Oak","...",-298,33,-5149
Gathering Spot,"Light","...",-888,44,-4660
Gathering Spot,"Light","...",-897,45,-5044
Gathering Spot,"Light","...",-677,94,-4449
Gathering Spot,"Light","...",-1125,46,-4697
Other,"Gerten Excavator","§2Gerten Excavator",-181,24,-5472
Other,"Green Potion Base","§aGreen §7Potion Base",-483,114,-4403
Territory Post,"Fallen Village","...",-318,46,-5319
Gathering Spot,"Oak","...",-156,34,-5031
Territory Post,"6 - The Aquarium (161593 SR)","...",-304,47,-4980
Gathering Spot,"Kanderstone","...",-810,60,-5450
ServiceNPC,"Tool Merchant","...",-1230,45,-4674
Gathering Spot,"Dark","...",-486,49,-5445
Gathering Spot,"Light","...",-883,44,-5039
Territory Post,"Bandit Cave Lower","...",118,45,-4975
Gathering Spot,"Oak","...",-295,38,-4616
Gathering Spot,"Decay Roots","...",-543,77,-5531
Gathering Spot,"Oak","...",-554,45,-4777
Gathering Spot,"Light","...",-810,45,-4749
Gathering Spot,"Light","...",-1123,45,-4936
Gathering Spot,"Oak","...",-13,35,-5343
Miniquest,"Fishing","73",-244,31,-5300
Gathering Spot,"Light","...",-1259,45,-4940
NPC,"Rohem","...",-487,47,-4975
Territory Post,"Leadin Fortress","...",-1361,54,-4782
Boss Altar,"Challenge of the Blades","...",-803,75,-5395
Gathering Spot,"Oak","...",-1089,43,-5037
Gathering Spot,"Spruce","...",-702,44,-4861
Gathering Spot,"Light","...",-656,143,-4408
Gathering Spot,"Light","...",-674,47,-4644
Gathering Spot,"Decay Roots","...",-529,57,-5463
Gathering Spot,"Light","...",-1198,44,-4643
Gathering Spot,"Light","...",-1246,43,-4985
Gathering Spot,"Gylia Fish","...",-77,7,-5492
Gathering Spot,"Oak","...",-928,46,-4537
Other,"Guild Records 1-100","§2§fGuild Records 1-100",-292,58,-4872
Gathering Spot,"Oak","...",-328,45,-5556
Gathering Spot,"Oak","...",-155,108,-4389
Gathering Spot,"Light","...",-1119,44,-4656
Gathering Spot,"Decay Roots","...",-530,57,-5457
Gathering Spot,"Oak","...",-710,44,-4867
Gathering Spot,"Light","...",-1117,45,-4621
Gathering Spot,"Dark","...",-745,52,-5190
Gathering Spot,"Spruce","...",-694,44,-4976
Gathering Spot,"Light","...",-913,45,-4449
Other,"&","§7§lBlacksmith",-847,123,-4916
BROKEN,"Gathering Spot","null",-1086,47,-4714
NPC,"Camar","...",-81,44,-4753
Gathering Spot,"Oak","...",-402,35,-4741
Gathering Spot,"Kanderstone","...",-671,38,-5093
Gathering Spot,"Light","...",-1159,46,-4700
Gathering Spot,"Dark","...",-674,47,-5472
Gathering Spot,"Gylia Fish","...",-69,10,-5433
Gathering Spot,"Decay Roots","...",-533,75,-5541
Gathering Spot,"Light","...",-726,44,-4849
Gathering Spot,"Light","...",-621,47,-4763
Service,"Cooking Station","...",-132,94,-4451
Gathering Spot,"Oak","...",-923,47,-4542
Gathering Spot,"Oak","...",-123,34,-5453
Gathering Spot,"Spruce","...",-411,49,-4814
BROKEN,"Gathering Spot","null",-544,115,-4428
Gathering Spot,"Oak","...",-291,44,-5437
Service,"Tailoring Station","...",-141,98,-4399
Territory Post,"Light Forest East Upper","...",-889,60,-4883
Territory Post,"Jitak's Farm","...",-164,35,-5472
Gathering Spot,"Pine","...",86,44,-5115
Gathering Spot,"Light","...",-1239,43,-5057
Gathering Spot,"Dark","...",-887,77,-5524
Territory Post,"Path To Ozoth's Spire Upper","...",174,127,-5162
Gathering Spot,"Light","...",-1163,49,-4762
Gathering Spot,"Light","...",-1066,48,-4916
Gathering Spot,"Light","...",-814,49,-4939
Gathering Spot,"Light","...",-926,45,-5063
Gathering Spot,"Light","...",-1052,44,-4690
Gathering Spot,"Dark","...",-633,51,-5392
Gathering Spot,"Light","...",-862,48,-4857
Gathering Spot,"Cobalt","...",-895,46,-4946
Gathering Spot,"Pine","...",10,70,-4671
Gathering Spot,"Dark","...",-923,49,-5290
Gathering Spot,"Oak","...",-1093,44,-5041
Miniquest,"Slaying","88",139,60,-4399
Gathering Spot,"Dark","...",-469,63,-5509
Gathering Spot,"Light","...",-1111,45,-4486
Other,"Yellow Potion Base","§eYellow §7Potion Base",-486,114,-4409
Gathering Spot,"Light","...",-1306,64,-5032
ServiceNPC,"Item Identifier","...",-1467,44,-4718
Gathering Spot,"Dark","...",-715,50,-5430
Territory Post,"Path To Thanos","...",71,46,-5061
Gathering Spot,"Dark","...",-791,50,-5467
Gathering Spot,"Light","...",-837,46,-4743
Gathering Spot,"Light","...",-1174,44,-4931
Gathering Spot,"Oak","...",-1102,44,-5036
Gathering Spot,"Light","...",-958,46,-4572
Gathering Spot,"Light","...",-1072,45,-4415
Gathering Spot,"Spruce","...",-647,45,-4821
Gathering Spot,"Spruce","...",-632,45,-4944
Gathering Spot,"Gylia Fish","...",-826,39,-4925
Gathering Spot,"Dark","...",-567,48,-5351
ServiceNPC,"Item Identifier","...",-1039,49,-5309
Gathering Spot,"Light","...",-976,44,-4700
Gathering Spot,"Oak","...",-404,35,-4743
Gathering Spot,"Light","...",-1112,46,-4798
Gathering Spot,"Light","...",-946,44,-4766
Gathering Spot,"Oak","...",-1434,106,-4570
Gathering Spot,"Light","...",-943,47,-4587
Gathering Spot,"Light","...",-1050,45,-4905
ServiceNPC,"Armour Merchant","...",-467,49,-4922
Gathering Spot,"Kanderstone","...",-709,48,-5572
Gathering Spot,"Cobalt","...",-886,42,-4948
Gathering Spot,"Oak","...",-147,39,-4597
Gathering Spot,"Decay Roots","...",-721,48,-5032
Gathering Spot,"Pine","...",82,44,-5468
Gathering Spot,"Light","...",-1190,90,-4786
Gathering Spot,"Cobalt","...",-783,47,-4579
Other,"Guild Bank","§2Guild Bank",-318,51,-4979
Other,"Potato","§7Potato",-220,85,-4990
Gathering Spot,"Light","...",-1170,46,-5066
Other,"Right-Click to","§7traverse tunnel",-405,176,-4373
Gathering Spot,"Pine","...",81,44,-5468
Gathering Spot,"Light","...",-937,45,-5071
Gathering Spot,"Light","...",-1180,45,-4924
Gathering Spot,"Dark","...",-705,46,-5056
Gathering Spot,"Oak","...",-204,37,-5428
Gathering Spot,"Millet","...",-194,113,-4424
Gathering Spot,"Pine","...",173,92,-5412
Gathering Spot,"Oak","...",-712,44,-4865
Gathering Spot,"Light","...",-1348,44,-5001
NPC,"King Burtan","...",50,16,-5242
Gathering Spot,"Light","...",-960,45,-4754
Gathering Spot,"Light","...",-902,43,-4669
Gathering Spot,"Light","...",-1081,47,-5097
Gathering Spot,"Light","...",-1135,45,-4590
Gathering Spot,"Light","...",-911,48,-5036
Gathering Spot,"Light","...",-725,77,-4481
Gathering Spot,"Oak","...",-324,38,-4623
Gathering Spot,"Oak","...",-290,62,-5489
Territory Post,"Ghostly Path","...",68,46,-4688
Gathering Spot,"Dark","...",-938,50,-5267
Gathering Spot,"Dark","...",-567,62,-5415
Gathering Spot,"Light","...",-848,44,-4813
NPC,"Thanos Citizen","Citizen",141,10,-5279
Gathering Spot,"Light","...",-1192,42,-4997
Gathering Spot,"Light","...",-977,44,-4565
Service,"Woodworking Station","...",-436,49,-4937
Gathering Spot,"Oak","...",-251,34,-5170
Gathering Spot,"Koi","...",-1056,43,-5015
Gathering Spot,"Light","...",-790,45,-4745
Gathering Spot,"Pine","...",-19,64,-4506
Other,"Gerten Captain","§2Gerten Captain",31,37,-5339
Gathering Spot,"Dark","...",-892,44,-5462
Gathering Spot,"Kanderstone","...",-707,48,-5562
Gathering Spot,"Pine","...",88,44,-5424
Gathering Spot,"Light","...",-996,44,-4662
Gathering Spot,"Light","...",-817,44,-4702
Territory Post,"Aldorei's Arch","...",74,45,-4447
Gathering Spot,"Decay Roots","...",-753,49,-5016
Gathering Spot,"Oak","...",-338,107,-4484
Gathering Spot,"Oak","...",-311,68,-5474
Gathering Spot,"Dark","...",-862,44,-5491
Gathering Spot,"Light","...",-722,83,-4462
Miniquest,"Fishing","71",-131,35,-5115
Service,"Alchemism Station","...",-1017,49,-5318
Gathering Spot,"Millet","...",-209,139,-4369
Gathering Spot,"Light","...",-696,44,-4809
Other,"Level: 90","§b§lIce Barrows",-832,123,-4932
Gathering Spot,"Spruce","...",-431,36,-4739
Gathering Spot,"Oak","...",-1102,43,-4987
Gathering Spot,"Light","...",-1175,44,-5040
Gathering Spot,"Pine","...",86,44,-5111
Other,"Wheat","§7Wheat",-221,85,-4981
Gathering Spot,"Dark","...",-831,84,-5514
Gathering Spot,"Decay Roots","...",-632,45,-5102
Gathering Spot,"Light","...",-1060,45,-4664
Gathering Spot,"Light","...",-731,77,-4481
Gathering Spot,"Light","...",-558,117,-4443
BROKEN,"Gathering Spot","null",-560,48,-4820
Gathering Spot,"Pine","...",128,45,-5380
Gathering Spot,"Dark","...",-710,52,-5202
Gathering Spot,"Pine","...",117,69,-5420
Gathering Spot,"Decay Roots","...",-547,57,-5479
Gathering Spot,"Dark","...",-664,48,-5137
Gathering Spot,"Oak","...",-601,47,-4815
Gathering Spot,"Light","...",-1104,2,-4774
BROKEN,"Gathering Spot","null",-685,37,-5084
Miniquest,"Slaying","78",-163,36,-4812
Service,"Scribing Station","...",-1416,45,-4718
Gathering Spot,"Oak","...",-1095,44,-5043
Gathering Spot,"Light","...",-1339,53,-4868
Gathering Spot,"Dark","...",-892,44,-5451
Gathering Spot,"Oak","...",-324,66,-4617
NPC,"Likeru","...",-1058,44,-5006
Gathering Spot,"Light","...",-983,45,-4785
Gathering Spot,"Gylia Fish","...",-77,10,-5428
NPC,"Soway","...",-181,110,-4320
Gathering Spot,"Light","...",-1142,46,-4830
Gathering Spot,"Spruce","...",-633,45,-4924
Gathering Spot,"Light","...",-1169,44,-4641
Gathering Spot,"Light","...",-631,45,-4670
Gathering Spot,"Light","...",-1175,46,-5071
Gathering Spot,"Dark","...",-924,103,-5501
BROKEN,"Gathering Spot","null",-889,46,-4518
Other,">> Cast any spell <<","§2>§a> §7Cast any spell §a<§2<",-415,175,-4386
BROKEN,"Gathering Spot","null",-792,57,-5369
Gathering Spot,"Light","...",-583,103,-4540
Gathering Spot,"Pine","...",41,88,-4371
Gathering Spot,"Oak","...",-71,38,-4716
Gathering Spot,"Light","...",-1298,45,-4586
Gathering Spot,"Light","...",-689,45,-4769
ServiceNPC,"Blacksmith","...",-459,49,-4929
Gathering Spot,"Kanderstone","...",-725,51,-5195
Booth Shop,"...","...",-973,45,-4586
Gathering Spot,"Dark","...",-352,76,-5454
Gathering Spot,"Light","...",-1062,45,-4429
Gathering Spot,"Light","...",-900,46,-4932
Gathering Spot,"Light","...",-1175,44,-4912
Gathering Spot,"Light","...",-949,44,-4628
Territory Post,"Lexdales Prison","...",-815,86,-5524
Gathering Spot,"Oak","...",-1062,45,-4956
Gathering Spot,"Dark","...",-507,57,-5398
Gathering Spot,"Pine","...",54,44,-4556
Gathering Spot,"Decay Roots","...",-481,50,-5452
Gathering Spot,"Light","...",-1350,49,-4889
Gathering Spot,"Decay Roots","...",-526,57,-5459
Gathering Spot,"Pine","...",-59,96,-4351
ServiceNPC,"Tool Merchant","...",-323,38,-4630
Gathering Spot,"Oak","...",-1456,97,-4583
Gathering Spot,"Light","...",-987,45,-5076
Gathering Spot,"Oak","...",-35,38,-4772
Gathering Spot,"Oak","...",-217,34,-5110
Gathering Spot,"Light","...",-873,44,-5039
Gathering Spot,"Millet","...",-630,45,-5117
Gathering Spot,"Light","...",-816,82,-4416
Gathering Spot,"Light","...",-699,44,-4776
Gathering Spot,"Gylia Fish","...",-977,43,-4723
Gathering Spot,"Rice","...",196,95,-4364
Gathering Spot,"Dark","...",-546,61,-5450
Other,"Bucie Bank","§2Bucie Bank",-1449,48,-4721
Gathering Spot,"Light","...",-682,45,-4824
Gathering Spot,"Light","...",-1097,46,-5078
Gathering Spot,"Pine","...",-38,39,-4567
Gathering Spot,"Light","...",-1101,44,-4670
Gathering Spot,"Light","...",-1155,47,-4770
Gathering Spot,"Dark","...",-750,46,-5121
Gathering Spot,"Cobalt","...",-900,46,-4952
Territory Post,"Cinfras","...",-463,49,-4947
BROKEN,"Gathering Spot","null",-882,48,-4971
Gathering Spot,"Decay Roots","...",-538,77,-5532
Gathering Spot,"Light","...",-1341,44,-4945
Gathering Spot,"Oak","...",-1089,43,-5033
Gathering Spot,"Kanderstone","...",-723,46,-5191
Gathering Spot,"Light","...",-1247,43,-4957
Gathering Spot,"Kanderstone","...",-676,36,-5101
Gathering Spot,"Oak","...",-208,37,-5428
Gathering Spot,"Light","...",-1001,45,-4814
Gathering Spot,"Pine","...",114,45,-5365
Gathering Spot,"Gylia Fish","...",-75,7,-5489
Gathering Spot,"Light","...",-789,46,-4610
Gathering Spot,"Light","...",-1011,44,-4675
Service,"Armouring Station","...",-1051,44,-4986
Other,"Right-Click to","§7traverse tunnel",-475,166,-4375
NPC,"Passenger Controllant","...",-172,108,-4946
Gathering Spot,"Spruce","...",-400,73,-5014
Gathering Spot,"Light","...",-1156,44,-4640
Gathering Spot,"Dark","...",-505,48,-5362
Gathering Spot,"Light","...",-1216,44,-4640
Gathering Spot,"Bamboo","...",191,100,-4371
Gathering Spot,"Pine","...",200,114,-5432
Gathering Spot,"Oak","...",-290,35,-5220
Gathering Spot,"Dark","...",-713,53,-5498
Gathering Spot,"Light","...",-1116,46,-4553
NPC,"Cinfras Citizen","Citizen",-441,47,-4965
Gathering Spot,"Cobalt","...",-781,47,-4577
Gathering Spot,"Pine","...",94,44,-5052
Gathering Spot,"Pine","...",71,45,-5441
Gathering Spot,"Light","...",-849,43,-4590
NPC,"Calo","...",-205,103,-4921
Gathering Spot,"Light","...",-1160,48,-4784
Booth Shop,"...","...",-823,44,-5360
Gathering Spot,"Pine","...",135,45,-5380
Gathering Spot,"Dark","...",-889,50,-5237
Gathering Spot,"Oak","...",-126,34,-5472
Gathering Spot,"Pine","...",-84,110,-4385
Gathering Spot,"Light","...",-1050,46,-4736
Gathering Spot,"Light","...",-624,45,-4686
Gathering Spot,"Millet","...",-187,105,-4388
Gathering Spot,"Kanderstone","...",-718,53,-5180
Gathering Spot,"Dark","...",-732,44,-4995
Gathering Spot,"Light","...",-1269,45,-5018
Gathering Spot,"Cobalt","...",-1092,51,-4648
Gathering Spot,"Light","...",-666,47,-4744
Other,"Meteor Storage","§5§lMe§kt§5§le§kor§r §d§lSt§ko§d§lra§kg§d§le",-133,16,-4996
Gathering Spot,"Light","...",-644,94,-4443
Gathering Spot,"Light","...",-955,45,-4794
Gathering Spot,"Cobalt","...",-903,49,-4962
Gathering Spot,"Oak","...",-646,46,-4841
Gathering Spot,"Spruce","...",-413,49,-4816
Gathering Spot,"Light","...",-679,48,-4650
Gathering Spot,"Dark","...",-589,46,-5314
Gathering Spot,"Light","...",-950,45,-4616
Gathering Spot,"Oak","...",-150,93,-4464
Gathering Spot,"Dark","...",-521,54,-5475
NPC,"Necromancy Merchant","Merchant",158,7,-5195
Gathering Spot,"Kanderstone","...",-783,53,-5404
Gathering Spot,"Light","...",-1079,44,-4425
Gathering Spot,"Light","...",-1129,46,-5088
Service,"Cooking Station","...",-454,50,-4954
Gathering Spot,"Oak","...",-323,38,-4610
Gathering Spot,"Light","...",-1025,44,-5054
Gathering Spot,"Light","...",-608,46,-4765
Gathering Spot,"Spruce","...",-699,44,-4863
Gathering Spot,"Light","...",-856,44,-4573
Gathering Spot,"Oak","...",-1442,99,-4591
Other,"...4 parts Purple...","§7...4 parts §5Purple§7...",-477,112,-4425
Gathering Spot,"Pine","...",29,87,-4367
Territory Post,"Guild Hall","...",-304,49,-4910
Gathering Spot,"Light","...",-1103,44,-4915
Gathering Spot,"Light","...",-1115,45,-4515
Gathering Spot,"Light","...",-1333,51,-4882
Gathering Spot,"Oak","...",-560,45,-4771
Other,"Gerten Chief Lobo","§2Gerten Chief Lobo",-141,84,-5607
Gathering Spot,"Light","...",-812,45,-4747
Gathering Spot,"Decay Roots","...",-744,50,-5042
Gathering Spot,"Kanderstone","...",-707,48,-5568
Gathering Spot,"Oak","...",-1131,45,-4973
Gathering Spot,"Spruce","...",-390,63,-5011
Gathering Spot,"Pine","...",93,53,-5292
Gathering Spot,"Pine","...",173,90,-5439
Gathering Spot,"Oak","...",-22,35,-5458
Gathering Spot,"Light","...",-1015,46,-4788
Gathering Spot,"Light","...",-1060,46,-4715
Gathering Spot,"Pine","...",-95,110,-4380
Gathering Spot,"Pine","...",-95,39,-4660
Gathering Spot,"Light","...",-661,47,-4669
Gathering Spot,"Oak","...",-62,39,-4623
Gathering Spot,"Oak","...",-334,33,-5136
Territory Post,"Cinfras's Small Farm","...",-174,39,-4713
Other,"juggled there","§a§lRodoroc",-482,49,-4904
Territory Post,"Aldorei's River","...",-381,37,-4723
Other,"Right-Click to","§7traverse tunnel",-417,195,-4365
Gathering Spot,"Gylia Fish","...",-68,10,-5435
Gathering Spot,"Light","...",-558,117,-4439
Gathering Spot,"Oak","...",-289,44,-5439
Gathering Spot,"Pine","...",175,90,-5441
Gathering Spot,"Light","...",-791,46,-4913
Gathering Spot,"Light","...",-1118,46,-4529
Gathering Spot,"Dark","...",-696,49,-5393
Gathering Spot,"Light","...",-1258,45,-5042
Gathering Spot,"Koi","...",-1064,43,-5004
Gathering Spot,"Pine","...",67,87,-4340
Gathering Spot,"Decay Roots","...",-498,53,-5462
NPC,"Office Manager","...",-258,57,-4999
NPC,"???","...",157,57,-5513
Territory Post,"Aldorei Valley Mid","...",-525,104,-4471
Other,"Reset","§eReset",-450,120,-4424
Gathering Spot,"Light","...",-1228,45,-4916
NPC,"Captain Lorias","...",-601,46,-4963
Gathering Spot,"Dark","...",-935,84,-5603
Gathering Spot,"Light","...",-822,51,-4878
Other,"Apothecary","§3Apothecary",-442,50,-4994
Gathering Spot,"Light","...",-1106,45,-4497
Gathering Spot,"Pine","...",-80,110,-4393
Territory Post,"Light Forest East Lower","...",-889,46,-4671
NPC,"Lieutenant Gren","...",146,71,-5473
Gathering Spot,"Light","...",-1332,45,-4962
Gathering Spot,"Light","...",-1066,45,-5067
Gathering Spot,"Light","...",-1113,46,-4545
Gathering Spot,"Cobalt","...",-158,34,-5131
Gathering Spot,"Oak","...",-131,37,-5437
Gathering Spot,"Light","...",-814,44,-4710
Gathering Spot,"Kanderstone","...",-799,56,-5423
Gathering Spot,"Light","...",-1348,57,-4822
Gathering Spot,"Oak","...",-321,44,-5436
Gathering Spot,"Gylia Fish","...",-76,7,-5486
Gathering Spot,"Bamboo","...",157,78,-4367
Other,"Misty Canyon Tavern","Misty Canyon Tavern",146,56,-5452
Gathering Spot,"Light","...",-869,46,-4735
Gathering Spot,"Light","...",-1422,42,-4618
Gathering Spot,"Light","...",-707,44,-4802
Gathering Spot,"Dark","...",-929,77,-5552
Gathering Spot,"Oak","...",-597,47,-4828
Gathering Spot,"Light","...",-1133,44,-4656
Gathering Spot,"Oak","...",-143,33,-4952
Gathering Spot,"Pine","...",-41,39,-4618
Other,"Cinfras Church","Cinfras Church",-452,49,-4969
Gathering Spot,"Pine","...",26,82,-4795
ServiceNPC,"Blacksmith","...",-1431,44,-4734
Gathering Spot,"Light","...",-1254,44,-4968
Service,"Woodworking Station","...",-1408,45,-4704
Gathering Spot,"Kanderstone","...",-712,49,-5567
Territory Post,"Cinfras County Upper","...",-76,36,-5097
Other,"The Forgery","§6§l§nThe Forgery",-872,62,-4905
Gathering Spot,"Dark","...",-539,55,-5470
Gathering Spot,"Spruce","...",-691,44,-4943
Gathering Spot,"Pine","...",122,54,-5305
Gathering Spot,"Light","...",-1077,44,-4666
Gathering Spot,"Dark","...",-678,53,-5408
Gathering Spot,"Light","...",-694,45,-4758
Gathering Spot,"Pine","...",16,87,-4356
Territory Post,"Gelibord","...",-1002,50,-5281
Territory Post,"Kander Mines","...",-756,47,-5169
Gathering Spot,"Light","...",-1156,45,-4968
Gathering Spot,"Decay Roots","...",-536,76,-5540
Gathering Spot,"Light","...",-1098,46,-4554
Territory Post,"Path to Cinfras","...",-751,46,-4913
Gathering Spot,"Light","...",-864,48,-4859
Gathering Spot,"Light","...",-1006,47,-4742
Service,"Cooking Station","...",-1072,44,-4977
Miniquest,"Mining","71",-557,61,-5460
Gathering Spot,"Dark","...",-741,51,-5067
Gathering Spot,"Dark","...",-702,46,-5313
Gathering Spot,"Light","...",-882,45,-4734
BROKEN,"Gathering Spot","null",-633,45,-5117
Gathering Spot,"Pine","...",163,115,-5488
Gathering Spot,"Light","...",-1151,45,-4581
Service,"Woodworking Station","...",-995,49,-5277
Gathering Spot,"Oak","...",-62,39,-4582
Gathering Spot,"Oak","...",-324,56,-4633
Territory Post,"Dark Forest Cinfras Transition","...",-348,38,-5203
Gathering Spot,"Dark","...",-933,50,-5263
Gathering Spot,"Light","...",-828,46,-4771
Gathering Spot,"Light","...",-798,82,-4410
Gathering Spot,"Kanderstone","...",-788,54,-5413
Gathering Spot,"Light","...",-660,146,-4414
Gathering Spot,"Millet","...",-728,48,-5035
Other,"The Forgery","§dParty Finder",-840,126,-4925
BROKEN,"Gathering Spot","null",-1323,55,-4763
Gathering Spot,"Oak","...",-164,34,-5457
Gathering Spot,"Light","...",-982,44,-4732
Gathering Spot,"Light","...",-680,45,-4757
Gathering Spot,"Light","...",-1099,45,-4847
NPC,"Thanos Citizen","Citizen",141,10,-5282
Service,"Tailoring Station","...",-1402,45,-4704
Gathering Spot,"Light","...",-1117,44,-4635
Gathering Spot,"Light","...",-949,47,-4578
Gathering Spot,"Kanderstone","...",-735,31,-5149
Gathering Spot,"Light","...",-1081,44,-4666
Gathering Spot,"Light","...",-1360,44,-4560
Gathering Spot,"Light","...",-1138,46,-4699
Gathering Spot,"Oak","...",-206,39,-4641
Gathering Spot,"Oak","...",-1439,99,-4593
Service,"Alchemism Station","...",-1417,46,-4709
ServiceNPC,"Liquid Merchant","...",-425,47,-4927
Gathering Spot,"Light","...",-874,46,-5005
Territory Post,"Fungal Grove","...",-532,50,-5341
Gathering Spot,"Dark","...",-806,69,-5419
Gathering Spot,"Gylia Fish","...",-246,38,-4622
Gathering Spot,"Oak","...",-9,36,-5376
Gathering Spot,"Light","...",-699,44,-4780
Gathering Spot,"Light","...",-987,44,-4601
Gathering Spot,"Pine","...",-41,39,-4563
Gathering Spot,"Light","...",-1295,59,-5023
Gathering Spot,"Light","...",-1171,44,-5030
Gathering Spot,"Pine","...",96,48,-5490
Gathering Spot,"Oak","...",-344,110,-4490
Gathering Spot,"Light","...",-1163,44,-4675
Gathering Spot,"Light","...",-569,92,-4452
Gathering Spot,"Light","...",-1103,44,-4472
Gathering Spot,"Dark","...",-727,46,-5391
Gathering Spot,"Kanderstone","...",-792,54,-5391
Gathering Spot,"Gylia Fish","...",-78,11,-5411
Gathering Spot,"Light","...",-650,46,-4670
Gathering Spot,"Dark","...",-727,54,-5198
Gathering Spot,"Oak","...",12,35,-5349
Gathering Spot,"Gylia Fish","...",-80,7,-5494
Gathering Spot,"Pine","...",88,44,-5136
Gathering Spot,"Pine","...",59,44,-4534
Gathering Spot,"Oak","...",-263,33,-5283
Territory Post,"Road To Light Forest","...",-1291,46,-4614
Gathering Spot,"Light","...",-1095,47,-5091
Gathering Spot,"Gylia Fish","...",-36,28,-5241
Gathering Spot,"Light","...",-1263,49,-4932
Gathering Spot,"Light","...",-1397,49,-4771
Gathering Spot,"Light","...",-978,44,-4735
Gathering Spot,"Light","...",-996,44,-4653
Gathering Spot,"Cobalt","...",-1164,49,-4861
Gathering Spot,"Light","...",-1101,26,-5017
NPC,"General Lecade","...",153,80,-5479
Gathering Spot,"Oak","...",-1093,45,-4946
Gathering Spot,"Gylia Fish","...",-71,10,-5437
Other,"Right-Click to donate an emerald.","§bRight-Click §ato donate an emerald.§0",-377,60,-4811
Gathering Spot,"Light","...",-715,44,-4810
Gathering Spot,"Light","...",-976,44,-4704
Gathering Spot,"Millet","...",-884,45,-4512
BROKEN,"Gathering Spot","null",-707,83,-4475
Gathering Spot,"Light","...",-501,123,-4481
Gathering Spot,"Pine","...",-42,78,-4498
Gathering Spot,"Light","...",-640,47,-4671
Gathering Spot,"Oak","...",-1456,97,-4602
Gathering Spot,"Pine","...",-117,38,-4545
Gathering Spot,"Light","...",-1401,42,-4585
Gathering Spot,"Oak","...",-9,36,-5369
Miniquest,"Farming","71",-951,49,-5292
Gathering Spot,"Light","...",-955,45,-4608
Gathering Spot,"Oak","...",-121,38,-4526
Gathering Spot,"Spruce","...",-399,43,-4676
Gathering Spot,"Millet","...",-186,35,-5469
Gathering Spot,"Light","...",-978,44,-4702
Gathering Spot,"Oak","...",-337,33,-5140
Territory Post,"Gylia Lake South West","...",-210,33,-5216
Gathering Spot,"Light","...",-1076,47,-4926
Gathering Spot,"Light","...",-1055,45,-4569
Gathering Spot,"Pine","...",93,46,-5483
Territory Post,"Mushroom Hill","...",-319,47,-5537
Gathering Spot,"Dark","...",-528,49,-5367
Gathering Spot,"Light","...",-112,34,-4925
Gathering Spot,"Oak","...",-484,36,-5110
Gathering Spot,"Light","...",-1063,44,-4698
Gathering Spot,"Light","...",-952,47,-4560
Gathering Spot,"Pine","...",90,53,-5290
Gathering Spot,"Oak","...",-125,34,-5455
Gathering Spot,"Dark","...",-820,71,-5418
Gathering Spot,"Light","...",-657,46,-4692
Gathering Spot,"Kanderstone","...",-679,37,-5104
Gathering Spot,"Pine","...",74,44,-4971
Gathering Spot,"Light","...",-1076,45,-4408
Territory Post,"Aldorei Valley Upper","...",-390,72,-4605
Miniquest,"Farming","73",-624,45,-5125
Gathering Spot,"Light","...",-1244,44,-5032
Gathering Spot,"Light","...",-541,48,-4720
NPC,"Gelibord Citizen","Citizen",-1018,47,-5290
Gathering Spot,"Light","...",-689,45,-4779
Gathering Spot,"Decay Roots","...",-748,50,-5033
Gathering Spot,"Light","...",-809,43,-4915
Gathering Spot,"Spruce","...",-574,47,-4807
Gathering Spot,"Kanderstone","...",-741,28,-5141
Gathering Spot,"Pine","...",59,44,-4540
NPC,"Private Tylas","...",118,49,-5435
ServiceNPC,"Tool Merchant","...",-707,44,-4838
Gathering Spot,"Light","...",-821,44,-4717
Gathering Spot,"Kanderstone","...",-735,32,-5160
Gathering Spot,"Oak","...",-392,36,-5170
Gathering Spot,"Spruce","...",-664,45,-4837
Gathering Spot,"Light","...",-1067,44,-5058
Gathering Spot,"Millet","...",-178,35,-5457
Other,"Add Orange","§7Add §6Orange",-454,123,-4430
Gathering Spot,"Pine","...",-101,110,-4401
Gathering Spot,"Light","...",-914,44,-5073
Gathering Spot,"Light","...",-964,45,-4598
Gathering Spot,"Light","...",-961,45,-4548
Booth Shop,"...","...",-186,135,-4459
Gathering Spot,"Light","...",-1027,45,-5068
Other,"Meteor Storage","§5§lMe§kt§5§le§kor§r §d§lSt§ko§d§lra§kg§d§le",-129,15,-4996
Gathering Spot,"Kanderstone","...",-752,26,-5142
Gathering Spot,"Pine","...",151,114,-5495
Gathering Spot,"Light","...",-1109,44,-4925
ServiceNPC,"Blacksmith","...",-464,49,-4926
Gathering Spot,"Light","...",-1286,57,-5023
Gathering Spot,"Kanderstone","...",-803,52,-5388
Gathering Spot,"Millet","...",-103,37,-5455
Gathering Spot,"Light","...",-1261,45,-4996
Miniquest,"Mining","73",-715,48,-5551
Gathering Spot,"Light","...",-1394,43,-4635
Gathering Spot,"Light","...",-939,45,-4633
Gathering Spot,"Light","...",-960,45,-4769
Gathering Spot,"Dark","...",-924,49,-5269
Gathering Spot,"Millet","...",-730,50,-5056
Gathering Spot,"Decay Roots","...",-751,50,-5043
Gathering Spot,"Light","...",-700,44,-4816
Gathering Spot,"Light","...",-1110,44,-4479
Gathering Spot,"Light","...",-1105,47,-5088
Gathering Spot,"Dark","...",-810,69,-5415
Gathering Spot,"Light","...",-492,124,-4478
BROKEN,"Gathering Spot","null",-1165,49,-4741
Gathering Spot,"Light","...",-551,104,-4523
Gathering Spot,"Cobalt","...",-265,35,-5016
Gathering Spot,"Oak","...",-200,28,-5356
Gathering Spot,"Spruce","...",-602,46,-4954
Gathering Spot,"Light","...",-988,44,-4728
Gathering Spot,"Pine","...",-64,39,-4793
Gathering Spot,"Light","...",-1247,46,-4918
Gathering Spot,"Light","...",-574,44,-4696
Gathering Spot,"Gylia Fish","...",-76,12,-5401
Territory Post,"Fleris Trail","...",-1327,47,-4557
Gathering Spot,"Light","...",-617,47,-4749
Gathering Spot,"Pine","...",57,87,-4347
Gathering Spot,"Oak","...",-189,34,-5147
Gathering Spot,"Light","...",-1111,45,-4494
Gathering Spot,"Oak","...",-129,34,-5468
Gathering Spot,"Dark","...",-688,49,-5199
Gathering Spot,"Light","...",-605,46,-4758
Other,"Torn Page","§fTorn Page",-117,21,-5509
Gathering Spot,"Light","...",-1056,44,-4682
Gathering Spot,"Light","...",-903,45,-4636
Gathering Spot,"Pine","...",-142,38,-4660
Gathering Spot,"Light","...",-1014,46,-4710
Miniquest,"Fishing","81",105,48,-4987
Gathering Spot,"Light","...",-610,45,-4668
Other,"...2 parts Yellow...","§7...2 parts §eYellow§7...",-466,111,-4418
Gathering Spot,"Oak","...",-868,43,-4484
NPC,"Pastor Arwes","...",-664,45,-5316
Gathering Spot,"Pine","...",91,45,-4991
Service,"Jeweling Station","...",-176,102,-4425
Gathering Spot,"Light","...",-800,83,-4453
Gathering Spot,"Decay Roots","...",-754,50,-5038
Other,"The Forgery","§6§l§nThe Forgery",-853,125,-4904
NPC,"Sylvar","...",-504,113,-4426
Gathering Spot,"Millet","...",-741,49,-5024
Gathering Spot,"Light","...",-1133,46,-4812
Gathering Spot,"Pine","...",82,46,-5263
Gathering Spot,"Light","...",-46,40,-4809
Gathering Spot,"Spruce","...",-478,72,-4872
Gathering Spot,"Light","...",-694,45,-4762
Service,"Armouring Station","...",-461,51,-4932
Gathering Spot,"Dark","...",-926,77,-5550
Gathering Spot,"Light","...",-1155,49,-5067
Other,"Dodegar","§2Dodegar",-987,45,-4593
Gathering Spot,"Light","...",-677,97,-4429
Gathering Spot,"Light","...",-1019,44,-5059
Gathering Spot,"Light","...",-1096,47,-4740
Gathering Spot,"Cobalt","...",-161,38,-5114
Gathering Spot,"Oak","...",-362,109,-4499
Gathering Spot,"Light","...",-709,44,-4800
Territory Post,"Light Forest North Entrance","...",-1111,49,-4787
Gathering Spot,"Light","...",-660,46,-4661
Gathering Spot,"Light","...",-877,46,-5013
Gathering Spot,"Oak","...",-708,44,-4971
Gathering Spot,"Gylia Fish","...",-23,28,-5251
Gathering Spot,"Pine","...",-61,96,-4348
Gathering Spot,"Light","...",-553,44,-4708
Other,"...3 parts Green...","§7...3 parts §aGreen§7...",-468,111,-4430
Gathering Spot,"Oak","...",-870,45,-4513
Gathering Spot,"Oak","...",-1095,45,-4948
Gathering Spot,"Light","...",-1110,47,-5093
ServiceNPC,"Blacksmith","...",-868,124,-4921
NPC,"Elf Guard","...",-462,133,-4460
Other,"Efilim Charmcrafter","§rEfilim Charmcrafter",-1090,43,-5029
Gathering Spot,"Spruce","...",-443,34,-5131
Miniquest,"Farming","63",-1278,48,-4547
Gathering Spot,"Light","...",-1237,44,-4932
Gathering Spot,"Light","...",-1336,47,-4902
Gathering Spot,"Decay Roots","...",-726,49,-5047
Gathering Spot,"Light","...",-1238,43,-5013
Gathering Spot,"Light","...",-1172,44,-4557
Gathering Spot,"Light","...",-650,46,-4675
Gathering Spot,"Pine","...",82,50,-4398
Other,"to open the door","§7Right-click to add",-417,14,-5509
Gathering Spot,"Pine","...",-112,110,-4378
Gathering Spot,"Light","...",-953,47,-4574
Gathering Spot,"Light","...",-1198,43,-4986
Gathering Spot,"Light","...",-1101,46,-4802
Gathering Spot,"Light","...",-1231,44,-5050
Other,"Corrupted","§7Level: §f78",-822,123,-4919
Gathering Spot,"Dark","...",-732,46,-5396
Gathering Spot,"Light","...",-917,45,-5057
Gathering Spot,"Light","...",-964,45,-4583
Gathering Spot,"Oak","...",-433,34,-4787
BROKEN,"Gathering Spot","null",-713,52,-5569
Service,"Weaponsmithing Station","...",-1048,44,-4982
Gathering Spot,"Pine","...",169,93,-5430
Gathering Spot,"Light","...",-841,46,-4746
Gathering Spot,"Light","...",-892,46,-4993
NPC,"Dolem","...",162,7,-5176
Gathering Spot,"Dark","...",-642,44,-5143
Gathering Spot,"Cobalt","...",-770,48,-4572
Gathering Spot,"Cobalt","...",-700,19,-4761
Gathering Spot,"Light","...",-1099,46,-4774
Gathering Spot,"Pine","...",14,98,-4695
Other,"Decrepit Sewers","§4§l§nCorrupted",-825,123,-4910
Gathering Spot,"Light","...",-992,46,-4815
Gathering Spot,"Millet","...",-342,112,-4498
Gathering Spot,"Dark","...",-664,47,-5505
Gathering Spot,"Light","...",-1140,45,-4975
Gathering Spot,"Light","...",-815,46,-4758
Gathering Spot,"Light","...",-1172,46,-4712
Gathering Spot,"Dark","...",-783,44,-5155
Gathering Spot,"Oak","...",-293,39,-5246
Other,"?","§f?",-962,27,-4729
Gathering Spot,"Dark","...",-661,46,-5171
Gathering Spot,"Light","...",-1248,44,-5066
Gathering Spot,"Light","...",-561,118,-4487
Gathering Spot,"Oak","...",-208,29,-5351
Gathering Spot,"Light","...",-984,45,-4746
Gathering Spot,"Rice","...",202,95,-4361
Gathering Spot,"Gylia Fish","...",-849,43,-4836
Gathering Spot,"Spruce","...",-571,47,-4952
Other,"Apothecary","§3Apothecary",-444,51,-5013
BROKEN,"Gathering Spot","null",-563,48,-4791
Service,"Scribing Station","...",-1032,44,-4999
Gathering Spot,"Light","...",-1107,45,-4944
Service,"Cooking Station","...",-1411,45,-4709
Gathering Spot,"Light","...",-901,44,-5054
Gathering Spot,"Spruce","...",-523,37,-5107
Gathering Spot,"Light","...",-1103,44,-4645
Gathering Spot,"Light","...",-810,45,-4730
Gathering Spot,"Light","...",-1045,44,-4695
Gathering Spot,"Light","...",-812,49,-4937
Gathering Spot,"Light","...",-799,45,-4743
Gathering Spot,"Dark","...",-788,44,-5160
Gathering Spot,"Oak","...",-324,66,-5524
Gathering Spot,"Dark","...",-682,48,-5182
Gathering Spot,"Light","...",-911,44,-4741
Gathering Spot,"Light","...",-1105,44,-4904
Gathering Spot,"Light","...",-1021,44,-4647
ServiceNPC,"Powder Master","...",-463,47,-4957
Other,"Apothecary","§3Apothecary",-444,51,-5011
Gathering Spot,"Kanderstone","...",-696,49,-5567
Gathering Spot,"Light","...",-812,45,-4728
Gathering Spot,"Oak","...",-129,37,-5435
Service,"Woodworking Station","...",-1086,44,-4975
Gathering Spot,"Cobalt","...",-800,47,-4578
Gathering Spot,"Oak","...",-701,44,-4932
Gathering Spot,"Kanderstone","...",-719,47,-5187
Gathering Spot,"Dark","...",-883,49,-5218
Gathering Spot,"Light","...",-1107,46,-4588
Other,"Research","§1§lRe§kse§1§la§kr§1§lch",-173,15,-4974
Gathering Spot,"Kanderstone","...",-809,57,-5432
Gathering Spot,"Light","...",-600,45,-4781
Gathering Spot,"Oak","...",-685,45,-4838
Gathering Spot,"Oak","...",-55,39,-4623
Gathering Spot,"Light","...",-1261,45,-5000
Gathering Spot,"Pine","...",101,44,-5090
Gathering Spot,"Bamboo","...",213,100,-4376
Other,"Gert Merchant","§dGert Merchant",-46,60,-5553
Gathering Spot,"Light","...",-1279,46,-5061
NPC,"Cinfras Citizen","Citizen",-441,47,-4899
Gathering Spot,"Light","...",-1155,46,-4700
Gathering Spot,"Oak","...",-221,29,-5331
Gathering Spot,"Light","...",-767,40,-4601
Gathering Spot,"Light","...",-1231,43,-5033
Gathering Spot,"Kanderstone","...",-713,53,-5185
Service,"Trade Market","...",-456,50,-4949
Gathering Spot,"Gylia Fish","...",-77,12,-5407
Gathering Spot,"Pine","...",109,44,-4977
Gathering Spot,"Light","...",-686,47,-4623
Gathering Spot,"Dark","...",-897,48,-5337
Gathering Spot,"Dark","...",-858,44,-5495
Gathering Spot,"Oak","...",-258,35,-5214
Gathering Spot,"Light","...",-565,44,-4719
Gathering Spot,"Oak","...",-359,34,-5167
Gathering Spot,"Oak","...",-227,29,-5331
Gathering Spot,"Light","...",-1113,45,-4621
Gathering Spot,"Oak","...",-96,35,-5093
Gathering Spot,"Light","...",-1086,44,-4538
Miniquest,"Farming","61",-1385,45,-4541
Gathering Spot,"Light","...",-810,48,-4889
ServiceNPC,"Emerald Merchant","...",-416,49,-4919
Gathering Spot,"Oak","...",-346,110,-4499
Other,"Sting","§bSting",-958,45,-4525
Gathering Spot,"Dark","...",-617,47,-5359
Gathering Spot,"Decay Roots","...",-524,57,-5461
Gathering Spot,"Light","...",-1125,46,-4830
NPC,"Siegfried Fan Merchant","Merchant",-453,47,-4981
Gathering Spot,"Light","...",-1098,47,-4756
Gathering Spot,"Gylia Fish","...",-861,40,-4876
Other,"Research","§1§lRe§kse§1§la§kr§1§lch",-173,18,-4978
NPC,"Retired Clockmaker","...",-459,47,-4870
BROKEN,"Gathering Spot","null",-936,47,-4529
Gathering Spot,"Dark","...",-801,67,-5367
Gathering Spot,"Spruce","...",-599,46,-4852
Territory Post,"Viscera Pits West","...",-826,75,-5440
Gathering Spot,"Millet","...",-650,46,-5108
Gathering Spot,"Oak","...",-563,113,-4505
Gathering Spot,"Dark","...",-718,52,-5459
Gathering Spot,"Dark","...",-674,53,-5412
Gathering Spot,"Light","...",-861,44,-4578
Gathering Spot,"Oak","...",-350,111,-4489
Other,"...1 part Orange...","§7...1 part §6Orange§7...",-456,119,-4424
BROKEN,"Gathering Spot","null",24,48,-4650
Gathering Spot,"Light","...",-559,118,-4485
Gathering Spot,"Pine","...",-59,89,-4490
Gathering Spot,"Pine","...",65,46,-4761
Territory Post,"Military Base Upper","...",220,140,-5472
Gathering Spot,"Pine","...",-64,39,-4787
Gathering Spot,"Decay Roots","...",-519,77,-5539
Gathering Spot,"Light","...",-1336,51,-4880
Gathering Spot,"Oak","...",-1117,44,-5035
Gathering Spot,"Millet","...",-735,50,-5053
Gathering Spot,"Light","...",-869,45,-5028
Gathering Spot,"Oak","...",21,30,-5246
Gathering Spot,"Light","...",-851,61,-4391
Gathering Spot,"Bamboo","...",184,84,-4360
Gathering Spot,"Dark","...",-725,46,-5370
Territory Post,"Aldorei Lowlands","...",-275,37,-4705
Gathering Spot,"Light","...",-823,45,-4738
Gathering Spot,"Light","...",-1242,45,-4924
Other,"[0/4]","§7Add §eYellow",-457,123,-4430
Gathering Spot,"Gylia Fish","...",-79,7,-5490
Gathering Spot,"Light","...",-868,44,-4448
Gathering Spot,"Dark","...",-858,44,-5486
Gathering Spot,"Pine","...",107,78,-4346
ServiceNPC,"Potion Merchant","...",-1014,47,-5286
Gathering Spot,"Decay Roots","...",-496,76,-5528
Other,"1 Dough -> 1 Bread","§71 Dough -> 1 Bread",-491,112,-4436
Gathering Spot,"Oak","...",-159,93,-4484
Other,"4 Flour + 1 Water Bottle -> 1 Dough","§74 Flour + 1 Water Bottle -> 1 Dough",-495,111,-4435
Gathering Spot,"Gylia Fish","...",-75,10,-5427
Gathering Spot,"Cobalt","...",-887,45,-4960
Gathering Spot,"Light","...",-1109,46,-4586
Gathering Spot,"Oak","...",-703,44,-4934
ServiceNPC,"Dungeon Scroll Merchant","...",-1005,47,-5323
Service,"Armouring Station","...",-141,98,-4387
Gathering Spot,"Cobalt","...",-144,37,-5110
Gathering Spot,"Light","...",-967,45,-4555
Gathering Spot,"Pine","...",111,67,-5489
Gathering Spot,"Millet","...",-732,48,-5021
Gathering Spot,"Light","...",-1228,43,-5030
NPC,"Charmcrafter Merchant","Merchant",-1093,42,-5029
Gathering Spot,"Light","...",-894,46,-4631
Gathering Spot,"Pine","...",-36,78,-4498
NPC,"Artefact Merchant","Merchant",-895,43,-4525
Other,"Torn Page","§fTorn Page",-128,5,-5498
Gathering Spot,"Millet","...",-180,35,-5454
Territory Post,"Path To Military Base","...",102,47,-5352
BROKEN,"Gathering Spot","null",-653,46,-4844
Gathering Spot,"Light","...",-1209,43,-5073
Gathering Spot,"Light","...",-1341,45,-4553
Gathering Spot,"Oak","...",-115,35,-5452
Other,"juggled there","§a§lAldorei",-482,49,-4918
Gathering Spot,"Cobalt","...",-260,32,-5019
Gathering Spot,"Light","...",-1139,51,-5086
Gathering Spot,"Spruce","...",-708,44,-4814
Gathering Spot,"Pine","...",103,44,-5092
ServiceNPC,"Tool Merchant","...",91,45,-4669
Gathering Spot,"Light","...",-960,44,-4633
Gathering Spot,"Dark","...",-696,55,-5511
Gathering Spot,"Light","...",-599,45,-4677
Gathering Spot,"Decay Roots","...",-517,52,-5421
Gathering Spot,"Spruce","...",-401,53,-4797
BROKEN,"Gathering Spot","null",-964,46,-4603
Gathering Spot,"Oak","...",-609,47,-4823
Gathering Spot,"Dark","...",-952,50,-5273
Gathering Spot,"Pine","...",-78,98,-4347
Gathering Spot,"Bamboo","...",193,100,-4373
Gathering Spot,"Cobalt","...",-782,45,-4560
Gathering Spot,"Pine","...",80,83,-4352
Gathering Spot,"Light","...",-1185,44,-5058
Gathering Spot,"Light","...",-981,44,-4605
Gathering Spot,"Oak","...",-1077,43,-5046
Gathering Spot,"Light","...",-1421,44,-4667
Territory Post,"Light Forest North Exit","...",-717,46,-4820
Gathering Spot,"Light","...",-1109,46,-4542
Gathering Spot,"Light","...",-619,46,-4777
Gathering Spot,"Light","...",-872,44,-4807
Gathering Spot,"Light","...",-1248,44,-5028
Gathering Spot,"Light","...",-1052,45,-4875
Gathering Spot,"Oak","...",-137,33,-4873
Gathering Spot,"Spruce","...",-680,45,-4987
Gathering Spot,"Light","...",-793,46,-4911
Gathering Spot,"Pine","...",162,44,-5377
Gathering Spot,"Spruce","...",-466,63,-4819
Gathering Spot,"Light","...",-859,45,-4431
Gathering Spot,"Oak","...",-164,93,-4489
Gathering Spot,"Dark","...",-666,50,-5426
Gathering Spot,"Light","...",-958,46,-4566
Gathering Spot,"Gylia Fish","...",-71,10,-5430
Gathering Spot,"Kanderstone","...",-664,46,-5094
BROKEN,"Gathering Spot","null",-968,46,-4589
Gathering Spot,"Light","...",-644,48,-4755
NPC,"Gelibord Citizen","Citizen",-1035,48,-5313
Other,"Cinfras Bank","§2Cinfras Bank",-441,51,-4934
BROKEN,"Gathering Spot","null",-1349,48,-4909
Gathering Spot,"Light","...",-878,45,-4621
Gathering Spot,"Kanderstone","...",-804,53,-5386
Gathering Spot,"Dark","...",-761,54,-5451
Gathering Spot,"Pine","...",-61,89,-4488
Gathering Spot,"Oak","...",-338,107,-4488
NPC,"Legolus","...",-139,93,-4445
Gathering Spot,"Light","...",-1157,46,-4698
Gathering Spot,"Oak","...",-1110,45,-5052
Gathering Spot,"Light","...",-1129,44,-4628
Gathering Spot,"Dark","...",-897,48,-5320
Gathering Spot,"Light","...",-683,45,-4788
Gathering Spot,"Spruce","...",-619,46,-4824
Gathering Spot,"Oak","...",-755,44,-4925
Gathering Spot,"Pine","...",-29,94,-4341
Gathering Spot,"Light","...",-1139,47,-4955
Gathering Spot,"Light","...",-1098,46,-4560
Other,"Purple Potion Base","§5Purple §7Potion Base",-471,114,-4415
Gathering Spot,"Light","...",-662,46,-4640
Gathering Spot,"Millet","...",-748,50,-5030
Gathering Spot,"Dark","...",-895,52,-5261
Gathering Spot,"Oak","...",-288,38,-4612
Gathering Spot,"Decay Roots","...",-485,51,-5452
Gathering Spot,"Pine","...",84,44,-5424
Gathering Spot,"Gylia Fish","...",-73,10,-5433
Gathering Spot,"Dark","...",-943,108,-5492
NPC,"Confectionary Merchant","Merchant",-252,57,-4955
BROKEN,"Gathering Spot","null",-563,75,-5527
Miniquest,"Farming","78",-725,47,-5009
Gathering Spot,"Oak","...",8,35,-5352
Gathering Spot,"Spruce","...",-660,44,-5036
Territory Post,"Gylia Lake North East","...",-41,31,-5352
Gathering Spot,"Light","...",-1323,45,-4965
Gathering Spot,"Pine","...",88,44,-5141
Gathering Spot,"Dark","...",-725,52,-5452
Gathering Spot,"Light","...",-841,44,-4582
NPC,"Information Post","...",-475,49,-4917
Service,"Jeweling Station","...",-437,49,-4947
Gathering Spot,"Pine","...",116,45,-5367
Gathering Spot,"Dark","...",-710,45,-5026
Gathering Spot,"Dark","...",-534,55,-5466
Gathering Spot,"Dark","...",-893,48,-5296
Gathering Spot,"Light","...",-917,44,-4735
Gathering Spot,"Millet","...",-729,48,-5015
Service,"Weaponsmithing Station","...",-456,49,-4935
Territory Post,"Light Forest South Entrance","...",-1099,46,-4472
Booth Shop,"...","...",-450,47,-4948
Gathering Spot,"Cobalt","...",-143,39,-5109
Gathering Spot,"Light","...",-1091,46,-4934
Gathering Spot,"Light","...",-868,46,-4552
Gathering Spot,"Spruce","...",-539,47,-4780
Gathering Spot,"Oak","...",-194,34,-5154
Gathering Spot,"Pine","...",118,45,-5365
Gathering Spot,"Light","...",-863,44,-4588
Territory Post,"Gert Camp","...",-20,37,-5525
Gathering Spot,"Oak","...",-63,35,-5101
BROKEN,"Gathering Spot","null",-639,46,-4846
Miniquest,"Mining","78",-767,48,-5151
Gathering Spot,"Light","...",-1113,46,-4960
Gathering Spot,"Light","...",-880,46,-5027
Gathering Spot,"Oak","...",-1098,44,-5036
Gathering Spot,"Light","...",-925,44,-5071
Gathering Spot,"Decay Roots","...",-502,75,-5533
Gathering Spot,"Light","...",-660,47,-4736
Miniquest,"Woodcutting","63",-1066,47,-5156
BROKEN,"Gathering Spot","null",-746,50,-5047
Gathering Spot,"Pine","...",90,44,-4955
Gathering Spot,"Light","...",-1148,51,-5064
Gathering Spot,"Pine","...",73,45,-5443
BROKEN,"Gathering Spot","null",-475,37,-5128
Gathering Spot,"Oak","...",-282,40,-5185
Gathering Spot,"Light","...",-812,46,-4755
NPC,"Cinfras Citizen","Citizen",-385,47,-4945
Miniquest,"Woodcutting","73",-1156,49,-4760
Gathering Spot,"Light","...",-1081,45,-4705
Miniquest,"Farming","88",79,47,-4772
Gathering Spot,"Light","...",-951,45,-4605
Gathering Spot,"Light","...",-696,44,-4819
Gathering Spot,"Light","...",-673,47,-4665
Gathering Spot,"Light","...",-1085,46,-5115
Other,"Torn Page","§fTorn Page",-122,14,-5505
Service,"Armouring Station","...",-137,98,-4398
Gathering Spot,"Bamboo","...",193,100,-4381
Gathering Spot,"Kanderstone","...",-672,39,-5100
Gathering Spot,"Light","...",-490,124,-4476
Gathering Spot,"Light","...",-1036,44,-4558
Gathering Spot,"Oak","...",-1091,43,-5035
NPC,"Horse Merchant","Merchant",-1483,43,-4715
Gathering Spot,"Light","...",-936,45,-4618
Territory Post,"Burning Airship","...",77,45,-4910
Gathering Spot,"Light","...",-1154,44,-4599
Other,"[Lv. 85] Area","§4§lDANGER!",-441,13,-5378
Gathering Spot,"Light","...",-964,45,-4551
BROKEN,"Gathering Spot","null",-957,45,-4649
Gathering Spot,"Light","...",-1130,45,-4673
Gathering Spot,"Light","...",-1337,44,-4990
Gathering Spot,"Oak","...",-69,39,-4599
Gathering Spot,"Light","...",-1095,48,-4393
Gathering Spot,"Oak","...",-131,39,-4594
Gathering Spot,"Dark","...",-846,73,-5444
Gathering Spot,"Light","...",-1246,44,-5030
ServiceNPC,"Tool Merchant","...",-263,36,-5357
Other,"Guild Master","§5Guild Master",-295,49,-4940
Gathering Spot,"Light","...",-1130,47,-4542
Miniquest,"Slaying","73",-984,45,-4637
Miniquest,"Farming","68",-733,79,-4494
Gathering Spot,"Pine","...",-29,93,-4350
Gathering Spot,"Spruce","...",-630,45,-4942
Gathering Spot,"Light","...",-610,44,-4659
Gathering Spot,"Light","...",-1101,44,-4643
Gathering Spot,"Oak","...",-346,110,-4495
Gathering Spot,"Oak","...",-352,111,-4491
Gathering Spot,"Spruce","...",-569,47,-4807
NPC,"Medicinal Merchant","Merchant",-1029,42,-4992
Gathering Spot,"Pine","...",165,91,-5438
Gathering Spot,"Millet","...",-730,48,-5040
Gathering Spot,"Light","...",-1148,44,-4599
Other,"Gelibord Bank","§2Gelibord Bank",-1025,48,-5316
Gathering Spot,"Dark","...",-599,48,-5528
Miniquest,"Woodcutting","88",87,84,-4340
NPC,"Souvenir T-Shirt Merchant","Merchant",-211,57,-4952
Gathering Spot,"Light","...",-792,72,-4488
Gathering Spot,"Spruce","...",-646,43,-5049
Gathering Spot,"Pine","...",-74,98,-4336
Gathering Spot,"Light","...",-593,45,-4685
Gathering Spot,"Light","...",-964,45,-4589
Gathering Spot,"Light","...",-1127,44,-4651
Gathering Spot,"Light","...",-693,45,-4752
Territory Post,"Light Forest East Mid","...",-861,46,-4823
Gathering Spot,"Light","...",-794,45,-4728
Gathering Spot,"Millet","...",-727,48,-5020
BROKEN,"Gathering Spot","null",-554,45,-4752
Gathering Spot,"Light","...",-1113,44,-4635
Gathering Spot,"Light","...",-1376,52,-4798
Gathering Spot,"Pine","...",154,114,-5492
Other,"Efilim Charmcrafter","§rEfilim Charmcrafter",-1093,43,-5026
Gathering Spot,"Light","...",-1182,44,-5055
Gathering Spot,"Light","...",-969,45,-4781
Other,"Corrupted","§4§l§nCorrupted",-822,123,-4914
Other,"Chest","§6§lForgery",-841,123,-4910
Gathering Spot,"Light","...",-1123,44,-4919
Gathering Spot,"Light","...",-968,45,-4580
Gathering Spot,"Oak","...",-244,34,-5166
NPC,"Cinfras Citizen","Citizen",-466,53,-4846
ServiceNPC,"Scroll Merchant","...",-1431,42,-4718
Gathering Spot,"Dark","...",-705,47,-5097
Territory Post,"Old Crossroads North","...",-586,48,-5328
Gathering Spot,"Oak","...",-232,28,-5314
Gathering Spot,"Light","...",-1275,44,-4598
Gathering Spot,"Light","...",-796,82,-4441
Gathering Spot,"Dark","...",-673,48,-5545
Gathering Spot,"Dark","...",-527,53,-5450
Gathering Spot,"Millet","...",-932,46,-4522
Gathering Spot,"Pine","...",-63,96,-4351
Gathering Spot,"Light","...",-1159,49,-4762
Gathering Spot,"Decay Roots","...",-641,45,-5109
Gathering Spot,"Light","...",-1113,45,-4488
Gathering Spot,"Dark","...",-714,47,-5322
Gathering Spot,"Pine","...",-56,89,-4488
Gathering Spot,"Dark","...",-769,50,-5389
Other,"Bulbo","§2Bulbo",-944,46,-4519
Gathering Spot,"Kanderstone","...",-816,59,-5439
Other,"Right-Click to","§7traverse tunnel",-456,194,-4354
NPC,"Child","...",-450,47,-4987
Gathering Spot,"Light","...",-1163,50,-4774
Gathering Spot,"Light","...",-671,46,-4621
Gathering Spot,"Oak","...",-669,46,-4829
Gathering Spot,"Dark","...",-706,52,-5197
Gathering Spot,"Gylia Fish","...",-989,43,-4671
Gathering Spot,"Oak","...",-144,93,-4446
Gathering Spot,"Kanderstone","...",-811,57,-5447
Gathering Spot,"Light","...",-1152,47,-4767
Gathering Spot,"Dark","...",-826,71,-5412
Gathering Spot,"Light","...",-662,46,-4626
Gathering Spot,"Koi","...",-1063,43,-5010
Other,"Combat XP: 0","§7Run different dungeons without leaving or dying",-841,124,-4886
Other,"You Are Here","§6You Are Here",-1195,44,-4616
Gathering Spot,"Light","...",-1077,45,-4860
Gathering Spot,"Light","...",-1280,45,-4577
BROKEN,"Gathering Spot","null",-331,109,-4494
Gathering Spot,"Oak","...",-326,67,-4606
Gathering Spot,"Oak","...",-354,112,-4510
Gathering Spot,"Dark","...",-755,54,-5444
Gathering Spot,"Light","...",-847,45,-4574
Other,"End of Royalty - Cinfrasian Uprising","§2§fEnd of Royalty - Cinfrasian Uprising",-298,92,-4867
Gathering Spot,"Dark","...",-946,50,-5267
Territory Post,"Entrance to Kander","...",-879,50,-5274
Gathering Spot,"Light","...",-799,83,-4475
Gathering Spot,"Pine","...",-162,35,-4841
Gathering Spot,"Light","...",-1055,46,-4723
Gathering Spot,"Pine","...",-26,94,-4337
Miniquest,"Slaying","75",-677,46,-4948
Gathering Spot,"Light","...",-647,48,-4742
Gathering Spot,"Millet","...",-712,79,-4500
Gathering Spot,"Pine","...",-86,100,-4331
Gathering Spot,"Oak","...",-225,28,-5314
Gathering Spot,"Light","...",-1101,44,-4523
Gathering Spot,"Light","...",-1101,44,-4469
Gathering Spot,"Light","...",-685,45,-4749
Gathering Spot,"Light","...",-1139,46,-4537
Gathering Spot,"Gylia Fish","...",-73,11,-5411
Gathering Spot,"Light","...",-1062,45,-5126
Gathering Spot,"Light","...",-1110,45,-4596
NPC,"Private","...",91,44,-5376
Gathering Spot,"Cobalt","...",-161,40,-5113
Gathering Spot,"Light","...",-1013,46,-5077
Gathering Spot,"Decay Roots","...",-755,50,-5033
Gathering Spot,"Light","...",-887,46,-4987
Gathering Spot,"Spruce","...",-509,65,-4968
Gathering Spot,"Light","...",-673,94,-4449
Gathering Spot,"Light","...",-1320,62,-5042
Gathering Spot,"Dark","...",-551,61,-5454
Gathering Spot,"Oak","...",-1081,44,-5051
Gathering Spot,"Light","...",-890,46,-5023
Territory Post,"Bandit Cave Upper","...",117,45,-4886
Gathering Spot,"Pine","...",163,91,-5436
Territory Post,"Gylia Lake North West","...",-176,30,-5389
Gathering Spot,"Oak","...",-191,34,-5154
Gathering Spot,"Pine","...",84,79,-4545
Gathering Spot,"Light","...",-605,45,-4694
Territory Post,"Light Forest South Exit","...",-681,49,-4675
ServiceNPC,"Armour Merchant","...",-1021,47,-5294
BROKEN,"Gathering Spot","null",-680,36,-5085
Gathering Spot,"Light","...",-1190,42,-5009
Gathering Spot,"Pine","...",-71,98,-4334
Gathering Spot,"Light","...",-1114,46,-4555
NPC,"Accessory Merchant","Merchant",176,7,-5194
Gathering Spot,"Light","...",-1025,44,-4572
Gathering Spot,"Spruce","...",-470,35,-5111
Gathering Spot,"Dark","...",-708,53,-5493
Gathering Spot,"Light","...",-1251,44,-5066
Gathering Spot,"Light","...",-1366,45,-5006
Gathering Spot,"Spruce","...",-399,53,-4794
Gathering Spot,"Light","...",-853,46,-4430
Gathering Spot,"Salmon","...",-1425,40,-4776
Gathering Spot,"Dark","...",-669,53,-5408
Gathering Spot,"Light","...",-1237,43,-5071
Gathering Spot,"Light","...",-988,44,-4737
Gathering Spot,"Oak","...",-58,35,-5095
NPC,"Accessory Merchant","Merchant",-580,61,-5443
Miniquest,"Mining","86",27,45,-4672
Service,"Tailoring Station","...",-455,51,-4929
Gathering Spot,"Light","...",-1416,44,-4690
Gathering Spot,"Light","...",-632,48,-4745
Gathering Spot,"Spruce","...",-541,47,-4778
Territory Post,"Decayed Basin","...",-477,49,-5453
Gathering Spot,"Light","...",-1066,46,-5116
Service,"Tailoring Station","...",-141,98,-4395
Other,"1 Wheat Grains I -> 1 Flour","§71 Wheat Grains I -> 1 Flour",-492,113,-4440
Other,"Right-Click to","§7traverse tunnel",-448,172,-4342
Gathering Spot,"Wheat","...",-562,115,-4427
Other,"Nohno","§7N§ko§7hno",-167,15,-4971
Gathering Spot,"Pine","...",-145,38,-4663
Gathering Spot,"Light","...",-581,44,-4708
Gathering Spot,"Light","...",-1028,47,-4705
Gathering Spot,"Pine","...",99,45,-5471
Gathering Spot,"Koi","...",-1054,43,-5010
Gathering Spot,"Cobalt","...",-791,46,-4569
Gathering Spot,"Spruce","...",-552,44,-4768
Gathering Spot,"Light","...",-932,45,-4629
Gathering Spot,"Light","...",-949,45,-4783
Gathering Spot,"Light","...",-1147,49,-4742
Other,"Guild Bank","§2Guild Bank",-317,51,-4978
Gathering Spot,"Light","...",-1158,49,-5071
Gathering Spot,"Dark","...",-716,47,-5072
Gathering Spot,"Light","...",-1359,44,-5017
Gathering Spot,"Spruce","...",-585,46,-4946
Gathering Spot,"Light","...",-862,46,-4480
Gathering Spot,"Light","...",-1072,45,-5062
Gathering Spot,"Pine","...",80,45,-5424
Gathering Spot,"Oak","...",-286,38,-4610
Gathering Spot,"Light","...",-783,45,-4729
Gathering Spot,"Dark","...",-740,49,-5072
Territory Post,"Aldorei's North Exit","...",-55,40,-4575
Gathering Spot,"Pine","...",89,45,-4993
Gathering Spot,"Spruce","...",-571,46,-4901
Gathering Spot,"Dark","...",-763,50,-5395
Gathering Spot,"Kanderstone","...",-742,33,-5170
Territory Post,"Canyon Waterfall North","...",152,71,-4418
BROKEN,"Gathering Spot","null",-535,75,-5544
Territory Post,"Dark Forest Village","...",-608,46,-5168
NPC,"Plaque","...",-375,64,-4803
Gathering Spot,"Oak","...",-164,93,-4493
Gathering Spot,"Light","...",-1084,47,-5110
BROKEN,"Gathering Spot","null",-985,47,-4817
NPC,"Gravestone","...",-343,55,-4880
Gathering Spot,"Oak","...",-678,44,-5007
Territory Post,"Light Forest Entrance","...",-1115,46,-4642
Other,"Thesead","§a§lThesead",-483,49,-4923
Gathering Spot,"Bamboo","...",149,77,-4361
Gathering Spot,"Light","...",-823,45,-4742
Gathering Spot,"Light","...",-679,47,-4670
Gathering Spot,"Light","...",-1110,45,-4610
Gathering Spot,"Pine","...",171,93,-5428
Gathering Spot,"Oak","...",-1434,98,-4534
BROKEN,"Gathering Spot","null",-151,40,-5110
Gathering Spot,"Light","...",-1371,54,-4814
Gathering Spot,"Light","...",-880,46,-4996
Gathering Spot,"Pine","...",55,44,-5438
Gathering Spot,"Light","...",-1160,48,-4792
Gathering Spot,"Pine","...",-83,100,-4335
Territory Post,"Light Forest West Lower","...",-1006,46,-4538
Gathering Spot,"Spruce","...",-584,46,-4868
Gathering Spot,"Oak","...",-595,47,-4892
Gathering Spot,"Light","...",-1066,45,-4871
Gathering Spot,"Oak","...",-1119,44,-5033
Gathering Spot,"Light","...",-896,46,-5002
Gathering Spot,"Decay Roots","...",-646,45,-5100
Other,"Sky wood","§7Sky wood",-217,85,-4983
ServiceNPC,"Item Identifier","...",-437,47,-4950
Gathering Spot,"Light","...",-1124,46,-4581
Gathering Spot,"Light","...",-589,45,-4786
Service,"Scribing Station","...",-172,102,-4425
Service,"Scribing Station","...",-451,49,-4955
Gathering Spot,"Light","...",-1061,43,-4900
Territory Post,"Path To The Arch","...",66,46,-4583
ServiceNPC,"Emerald Merchant","...",-1027,46,-5324
Gathering Spot,"Pine","...",-261,123,-4923
Gathering Spot,"Cobalt","...",-159,35,-5129
Gathering Spot,"Koi","...",-870,42,-4475
Gathering Spot,"Spruce","...",-617,46,-4822
Gathering Spot,"Light","...",-1384,43,-4570
Booth Shop,"...","...",-1484,44,-4732
Gathering Spot,"Light","...",-947,45,-5073
Gathering Spot,"Kanderstone","...",-799,57,-5376
Gathering Spot,"Millet","...",-194,111,-4430
Gathering Spot,"Spruce","...",-610,42,-5100
Gathering Spot,"Light","...",-1077,44,-4423
Gathering Spot,"Light","...",-966,45,-4754
Gathering Spot,"Pine","...",168,91,-5436
Gathering Spot,"Light","...",-1097,45,-4875
Gathering Spot,"Pine","...",94,45,-4982
Gathering Spot,"Oak","...",-101,38,-4555
Gathering Spot,"Pine","...",87,45,-4991
Gathering Spot,"Spruce","...",-548,38,-5117
Gathering Spot,"Light","...",-576,123,-4418
Gathering Spot,"Oak","...",-255,33,-5262
ServiceNPC,"Potion Merchant","...",-493,47,-4950
Gathering Spot,"Light","...",-736,77,-4506
Other,"Level: 94","§a§lUndergrowth Ruins",-837,123,-4934
Gathering Spot,"Dark","...",-772,46,-5167
Gathering Spot,"Light","...",-1186,44,-4623
Gathering Spot,"Pine","...",90,45,-4967
Gathering Spot,"Light","...",-899,45,-4639
Gathering Spot,"Light","...",-1165,44,-4973
Territory Post,"Light Forest West Upper","...",-977,48,-4806
Gathering Spot,"Light","...",-1094,44,-4538
BROKEN,"Gathering Spot","null",-1170,50,-4858
Other,"Torn Page","§fTorn Page",-113,6,-5501
Gathering Spot,"Oak","...",-301,33,-5180
Gathering Spot,"Pine","...",-33,93,-4350
Gathering Spot,"Gylia Fish","...",-983,43,-4710
Gathering Spot,"Light","...",-1260,44,-5066
Gathering Spot,"Pine","...",161,115,-5490
Gathering Spot,"Light","...",-1335,45,-4965
NPC,"Key Forge Merchant","Merchant",-873,122,-4914
Gathering Spot,"Gylia Fish","...",-72,10,-5428
Gathering Spot,"Light","...",-1155,47,-4811
Other,"A Scholar's Perspective on Gerts","§2§fA Scholar's Perspective on Gerts",-280,80,-4871
Gathering Spot,"Dark","...",-809,45,-5169
Gathering Spot,"Light","...",-1076,45,-4403
Other,"Juggler's Tavern","§9Juggler's Tavern",-482,50,-4911
Gathering Spot,"Oak","...",-414,34,-4761
ServiceNPC,"Powder Master","...",-1000,46,-5311
Gathering Spot,"Millet","...",-734,48,-5035
Gathering Spot,"Cobalt","...",-157,36,-5116
Gathering Spot,"Pine","...",-142,38,-4666
Gathering Spot,"Bamboo","...",118,76,-4357
Gathering Spot,"Pine","...",75,45,-5424
Gathering Spot,"Gylia Fish","...",-966,43,-4732
Gathering Spot,"Pine","...",-20,65,-4481
Gathering Spot,"Spruce","...",-306,38,-4678
Gathering Spot,"Light","...",-1107,45,-4848
Gathering Spot,"Light","...",-763,103,-4413
Gathering Spot,"Light","...",-1039,44,-5062
Gathering Spot,"Light","...",-1250,44,-5078
NPC,"Damys","...",-544,113,-4449
Service,"Armouring Station","...",-1011,48,-5322
Gathering Spot,"Oak","...",-29,38,-4772
Gathering Spot,"Light","...",-986,44,-4635
Gathering Spot,"Oak","...",-123,34,-5457
NPC,"Anof","...",-93,34,-5455
Gathering Spot,"Oak","...",-203,34,-5447
Miniquest,"Fishing","78",10,30,-5251
Gathering Spot,"Light","...",-878,46,-4750
NPC,"Sergeant","...",132,66,-5490
Gathering Spot,"Oak","...",-239,34,-5174
Gathering Spot,"Light","...",-1247,44,-5023
Gathering Spot,"Light","...",-1154,44,-4652
Gathering Spot,"Kanderstone","...",-697,50,-5572
Gathering Spot,"Kanderstone","...",-750,29,-5148
Gathering Spot,"Decay Roots","...",-741,50,-5046
NPC,"Korun","...",-239,35,-5224
Gathering Spot,"Oak","...",-312,33,-5141
Gathering Spot,"Light","...",-974,44,-4619
Gathering Spot,"Light","...",-968,45,-4546
Service,"Jeweling Station","...",-1037,48,-5317
Other,"Ancient Scrolls","§2§fAncient Scrolls",-293,68,-4895
Territory Post,"Orc Battlegrounds","...",-1350,52,-4883
Gathering Spot,"Spruce","...",-567,47,-4921
Gathering Spot,"Pine","...",80,46,-5261
Gathering Spot,"Pine","...",107,44,-5090
Gathering Spot,"Pine","...",-18,65,-4483
Other,"Guild Bank","§2Guild Bank",-318,51,-4977
Gathering Spot,"Decay Roots","...",-638,45,-5105
Gathering Spot,"Dark","...",-515,54,-5470
Gathering Spot,"Light","...",-763,103,-4409
Territory Post,"Aldorei Valley South Entrance","...",-177,39,-4576
Gathering Spot,"Light","...",-1083,46,-4728
NPC,"Cinfras Citizen","Citizen",-405,47,-4979
Gathering Spot,"Oak","...",-167,38,-4767
BROKEN,"Gathering Spot","null",-1390,47,-4554
Gathering Spot,"Dark","...",-884,77,-5521
Gathering Spot,"Dark","...",-839,59,-5356
Gathering Spot,"Dark","...",-573,48,-5357
Gathering Spot,"Gylia Fish","...",-74,12,-5403
Gathering Spot,"Spruce","...",-610,41,-5075
Gathering Spot,"Light","...",-1194,44,-5073
Gathering Spot,"Light","...",-1227,44,-4614
Gathering Spot,"Oak","...",-682,45,-4853
Gathering Spot,"Light","...",-114,34,-4923
Gathering Spot,"Light","...",-952,47,-4564
Gathering Spot,"Spruce","...",-422,35,-4749
Gathering Spot,"Light","...",-1106,44,-4928
Gathering Spot,"Light","...",-1044,44,-4683
Territory Post,"Burning Farm","...",74,44,-4826
Gathering Spot,"Light","...",-1163,44,-4660
Gathering Spot,"Bamboo","...",176,81,-4357
Gathering Spot,"Oak","...",-1037,43,-5035
Gathering Spot,"Oak","...",-125,34,-5465
Other,"Pumpkin","§7Pumpkin",-222,85,-4995
Gathering Spot,"Kanderstone","...",-703,48,-5568
Gathering Spot,"Spruce","...",-710,44,-4910
Territory Post,"Aldorei Valley Lower","...",-634,95,-4446
Gathering Spot,"Dark","...",-491,49,-5440
ServiceNPC,"Dungeon Scroll Merchant","...",-871,123,-4910
Other,"Yahya","§r§7Yah§ky§7a",-165,15,-4971
Gathering Spot,"Oak","...",-323,67,-4612
Other,"Gelibord Bank","§2Gelibord Bank",-1020,48,-5316
Gathering Spot,"Light","...",-1064,45,-5073
Gathering Spot,"Light","...",-1161,49,-4760
Gathering Spot,"Light","...",-583,44,-4685
Territory Post,"Light Forest West Mid","...",-957,46,-4597
Other,"Laboratory","§6§lLa§kb§6§lora§kto§6§lr§ky",-133,15,-4982
Territory Post,"Heart of Decay","...",-567,52,-5520
Gathering Spot,"Spruce","...",-397,43,-4678
Gathering Spot,"Spruce","...",-605,46,-4952
Gathering Spot,"Light","...",-1107,45,-4939
Gathering Spot,"Light","...",-1119,44,-4906
Gathering Spot,"Pine","...",68,46,-4959
Territory Post,"Abandoned Manor","...",-856,50,-5174
Gathering Spot,"Light","...",-594,45,-4764
Gathering Spot,"Dark","...",-348,67,-5520
Gathering Spot,"Dark","...",-659,47,-5500
Gathering Spot,"Pine","...",84,44,-5471
Gathering Spot,"Light","...",-913,44,-5061
Gathering Spot,"Oak","...",-1023,43,-4994
Gathering Spot,"Bamboo","...",153,78,-4354
Gathering Spot,"Light","...",-1109,46,-4590
BROKEN,"Gathering Spot","null",-176,35,-5463
Booth Shop,"...","...",-1403,44,-4724
Other,"Psilo","§2Psilo",-205,45,-4308
Gathering Spot,"Light","...",-780,45,-4584
Gathering Spot,"Pine","...",-107,38,-4533
Gathering Spot,"Pine","...",-33,38,-4712
Service,"Housing Balloon","...",-471,48,-4971
Gathering Spot,"Dark","...",-887,44,-5456
Gathering Spot,"Light","...",-847,42,-4599
NPC,"Bucie Citizen","Citizen",-1401,43,-4709
Gathering Spot,"Oak","...",-131,100,-4478
Gathering Spot,"Oak","...",-560,113,-4502
Gathering Spot,"Dark","...",-608,48,-5283
Gathering Spot,"Pine","...",77,45,-5421
Gathering Spot,"Decay Roots","...",-631,45,-5107
Gathering Spot,"Light","...",-1069,45,-4410
Gathering Spot,"Oak","...",-298,34,-5192
Gathering Spot,"Pine","...",57,42,-5244
Gathering Spot,"Light","...",-1330,52,-4757
ServiceNPC,"Emerald Merchant","...",-1449,44,-4736
Other,"Siegfried, Hero of Gavel","§2§fSiegfried, Hero of Gavel",-465,48,-4848
Gathering Spot,"Cobalt","...",-1148,47,-4857
NPC,"Thanos Citizen","Citizen",176,7,-5215
Gathering Spot,"Spruce","...",-692,44,-4973
Other,"2x Public Guild Bank Slots","§7in §b1 month",-288,49,-4967
Miniquest,"Woodcutting","81",81,56,-5289
NPC,"Gelibord Citizen","Citizen",-984,47,-5288
Other,"Right-Click to","§7traverse tunnel",-440,170,-4344
Gathering Spot,"Pine","...",92,44,-5050
Gathering Spot,"Pine","...",63,87,-4354
Gathering Spot,"Oak","...",-308,45,-5440
Gathering Spot,"Dark","...",-617,47,-5253
Gathering Spot,"Light","...",-1221,44,-5088
Gathering Spot,"Oak","...",-37,36,-5077
NPC,"Jitak","...",-185,32,-5473
Other,"Add Purple","§7[0/4]",-448,123,-4430
Gathering Spot,"Pine","...",76,49,-4728
Gathering Spot,"Oak","...",-178,28,-5386
Gathering Spot,"Light","...",-1062,47,-5104
BROKEN,"Gathering Spot","null",-516,77,-5538
Gathering Spot,"Light","...",-1103,44,-4668
Gathering Spot,"Pine","...",78,46,-5263
NPC,"King's Merchant","Merchant",-426,48,-4936
Gathering Spot,"Pine","...",93,44,-5144
NPC,"Major","...",167,71,-5483
Gathering Spot,"Oak","...",-1083,44,-5053
Gathering Spot,"Bamboo","...",119,76,-4370
Gathering Spot,"Gylia Fish","...",-42,28,-5248
BROKEN,"Gathering Spot","null",-628,45,-5104
ServiceNPC,"Weapon Merchant","...",-1027,47,-5298
Other,"Mehme","§7M§ke§7h§km§7e",-166,15,-4971
Gathering Spot,"Oak","...",-136,38,-4785
Gathering Spot,"Pine","...",-99,39,-4664
NPC,"Mother","...",-448,47,-4988
Gathering Spot,"Light","...",-694,44,-4811
BROKEN,"Gathering Spot","null",95,45,-4861
Booth Shop,"...","...",-1030,47,-5317
Gathering Spot,"Millet","...",-205,141,-4366
Gathering Spot,"Millet","...",-207,144,-4360
Gathering Spot,"Light","...",-870,44,-4591
Service,"Weaponsmithing Station","...",-1406,45,-4711
Gathering Spot,"Light","...",-1012,46,-4719
Territory Post,"Efilim South Plains","...",-1073,46,-4887
Gathering Spot,"Dark","...",-677,48,-5366
Gathering Spot,"Oak","...",-39,41,-4681
Gathering Spot,"Pine","...",163,115,-5492
Gathering Spot,"Dark","...",-347,76,-5448
Gathering Spot,"Light","...",-694,48,-4623
Gathering Spot,"Pine","...",94,44,-5048
Gathering Spot,"Light","...",-1069,45,-4418
Territory Post,"Canyon Path North West","...",112,77,-4692
Gathering Spot,"Light","...",-1188,46,-4911
Territory Post,"Aldorei's Waterfall","...",-282,56,-4596
Gathering Spot,"Oak","...",-39,38,-4764
Gathering Spot,"Light","...",-583,44,-4693
Gathering Spot,"Pine","...",99,46,-4397
Gathering Spot,"Kanderstone","...",-785,55,-5401
Other,"Siegfried Offices, Cinfras","§eSiegfried Offices, §7Cinfras",-442,49,-4868
Gathering Spot,"Light","...",-839,46,-4767
Gathering Spot,"Light","...",-1143,46,-4564
Gathering Spot,"Light","...",-822,44,-4715
Gathering Spot,"Cobalt","...",-149,43,-5109
Gathering Spot,"Light","...",-1151,46,-4872
Gathering Spot,"Oak","...",-287,40,-5185
Gathering Spot,"Oak","...",-15,27,-5214
Gathering Spot,"Gylia Fish","...",-39,28,-5227
Gathering Spot,"Light","...",-677,47,-4638
Gathering Spot,"Kanderstone","...",-719,50,-5183
Gathering Spot,"Spruce","...",-440,44,-5068
Gathering Spot,"Light","...",-556,117,-4441
Gathering Spot,"Light","...",-1223,44,-5076
Gathering Spot,"Light","...",-862,45,-4758
Gathering Spot,"Oak","...",-196,38,-4746
Other,"Get [2 Sleeper Spores]","§a0/§22",-505,22,-4663
Gathering Spot,"Light","...",-936,47,-4596
Gathering Spot,"Decay Roots","...",-748,49,-5018
Gathering Spot,"Light","...",-1235,44,-4633
Gathering Spot,"Dark","...",-876,50,-5246
Gathering Spot,"Dark","...",-801,69,-5415
Gathering Spot,"Light","...",-1097,48,-4391
Gathering Spot,"Oak","...",-51,36,-5085
Gathering Spot,"Bamboo","...",188,85,-4355
Territory Post,"Mantis Nest","...",-789,31,-4668
Gathering Spot,"Spruce","...",-609,46,-4813
Gathering Spot,"Pine","...",70,44,-5149
Other,"Fall of the Twins","§2§fFall of the Twins",-302,68,-4871
Gathering Spot,"Light","...",-1402,43,-4670
Gathering Spot,"Light","...",-1107,46,-5082
Gathering Spot,"Bamboo","...",109,76,-4367
Gathering Spot,"Oak","...",-1015,43,-5014
Gathering Spot,"Light","...",-1156,46,-4953
Territory Post,"Aldorei Valley West Entrance","...",-737,85,-4442
Gathering Spot,"Light","...",-673,45,-4794
Gathering Spot,"Light","...",-1062,43,-5048
Gathering Spot,"Dark","...",-666,50,-5437
Gathering Spot,"Cobalt","...",-146,41,-5109
Gathering Spot,"Kanderstone","...",-801,55,-5426
Gathering Spot,"Pine","...",87,48,-4631
Gathering Spot,"Light","...",-952,44,-4724
NPC,"Accessory Merchant","Merchant",-1407,43,-4738
Gathering Spot,"Spruce","...",-555,47,-4804
Gathering Spot,"Light","...",-1162,44,-4609
Gathering Spot,"Oak","...",-123,34,-5467
NPC,"Gawrick","...",-487,52,-4882
NPC,"Elder Berusia","...",-1085,7,-5016
Gathering Spot,"Light","...",-952,44,-4752
Gathering Spot,"Light","...",-1089,45,-4688
NPC,"Damys","...",-547,113,-4447
Gathering Spot,"Light","...",-1113,46,-4539
Gathering Spot,"Light","...",-1058,44,-4553
Gathering Spot,"Light","...",-1036,48,-4716
Gathering Spot,"Light","...",-1141,48,-4755
Gathering Spot,"Light","...",-1088,43,-4429
Gathering Spot,"Light","...",-787,46,-4594
Gathering Spot,"Light","...",-1021,44,-4581
Gathering Spot,"Wheat","...",-542,115,-4430
Gathering Spot,"Light","...",-667,94,-4442
Other,"Juggler's Tavern","§9Juggler's Tavern",-483,51,-4938
Gathering Spot,"Light","...",-1198,45,-4934
Gathering Spot,"Oak","...",-10,29,-5254
Gathering Spot,"Oak","...",-343,33,-5116
Service,"Tailoring Station","...",-1010,49,-5287
Gathering Spot,"Light","...",-1192,90,-4784
NPC,"Marden","...",16,74,-4795
Gathering Spot,"Light","...",-1106,44,-4476
Gathering Spot,"Light","...",-859,45,-4795
Other,"Apple","§7Apple",-202,85,-4978
Territory Post,"Lexdale","...",-593,64,-5441
Gathering Spot,"Light","...",-1350,45,-4718
Gathering Spot,"Oak","...",-116,34,-5459
Gathering Spot,"Light","...",-634,48,-4759
BROKEN,"Gathering Spot","null",-694,45,-4807
Gathering Spot,"Light","...",-1157,46,-4934
Gathering Spot,"Oak","...",-200,34,-5445
Gathering Spot,"Decay Roots","...",-643,45,-5099
Gathering Spot,"Light","...",-1086,45,-4412
Gathering Spot,"Pine","...",99,44,-4961
Gathering Spot,"Light","...",-548,104,-4525
Gathering Spot,"Dark","...",-498,49,-5430
Gathering Spot,"Light","...",-1158,46,-4554
BROKEN,"Gathering Spot","null",-872,47,-4993
Gathering Spot,"Light","...",-935,46,-4610
Gathering Spot,"Light","...",-1072,44,-4544
Gathering Spot,"Pine","...",-112,110,-4382
Gathering Spot,"Oak","...",-162,34,-5459
NPC,"Fiona","...",-539,107,-4546
Gathering Spot,"Bamboo","...",153,77,-4373
Gathering Spot,"Dark","...",-696,53,-5182
Other,"[0/4]","§7Add §aGreen",-451,123,-4430
Gathering Spot,"Oak","...",-262,35,-5401
Gathering Spot,"Oak","...",-117,35,-5454
Other,"Cinfras Bank","§2Cinfras Bank",-440,51,-4935
Gathering Spot,"Oak","...",-344,110,-4494
Gathering Spot,"Light","...",-1373,43,-4579
Gathering Spot,"Kanderstone","...",-811,57,-5442
Gathering Spot,"Dark","...",-841,73,-5449
Territory Post,"Path to Talor","...",-730,49,-5327
BROKEN,"Gathering Spot","null",-108,38,-5457
Gathering Spot,"Oak","...",-690,44,-4963
Gathering Spot,"Light","...",-1235,42,-4988
Gathering Spot,"Light","...",-1055,44,-4673
Gathering Spot,"Light","...",-1113,48,-4750
Gathering Spot,"Pine","...",71,45,-5240
Gathering Spot,"Oak","...",-211,29,-5346
Gathering Spot,"Oak","...",18,30,-5250
ServiceNPC,"Scroll Merchant","...",-993,47,-5289
Gathering Spot,"Light","...",-1285,46,-4547
Gathering Spot,"Dark","...",-776,50,-5395
ServiceNPC,"Blacksmith","...",-1479,44,-4747
Territory Post,"Path To Ozoth's Spire Lower","...",224,90,-5203
Gathering Spot,"Light","...",-1294,58,-5031
Gathering Spot,"Pine","...",-74,98,-4332
Gathering Spot,"Pine","...",-61,96,-4353
Gathering Spot,"Light","...",-1083,46,-4749
Gathering Spot,"Kanderstone","...",-692,36,-5096
Gathering Spot,"Dark","...",-609,48,-5528
ServiceNPC,"Liquid Merchant","...",-433,47,-4919
Gathering Spot,"Pine","...",-33,94,-4337
Gathering Spot,"Decay Roots","...",-638,45,-5109
Gathering Spot,"Light","...",-592,45,-4701
NPC,"Juggler","...",-476,47,-4906
Gathering Spot,"Light","...",-1071,44,-4874
Gathering Spot,"Oak","...",-332,70,-5505
Gathering Spot,"Oak","...",-122,107,-4474
Gathering Spot,"Light","...",-1242,45,-4916
Gathering Spot,"Dark","...",-604,48,-5523
ServiceNPC,"Emerald Merchant","...",-1449,44,-4716
Gathering Spot,"Oak","...",-1434,106,-4566
Gathering Spot,"Oak","...",-560,113,-4508
Gathering Spot,"Light","...",-1095,46,-4608
Gathering Spot,"Light","...",-1115,46,-4962
ServiceNPC,"Tool Merchant","...",-547,113,-4427
Territory Post,"Cinfras County Lower","...",-75,39,-4698
Service,"Alchemism Station","...",-1030,45,-4989
Territory Post,"Cinfras Entrance","...",-562,49,-4943
Gathering Spot,"Kanderstone","...",-703,52,-5577
Other,"Corrupted","§2§lUnderworld Crypt",-824,123,-4924
Gathering Spot,"Oak","...",-621,42,-5065
Gathering Spot,"Kanderstone","...",-740,36,-5171
Gathering Spot,"Light","...",-1135,45,-4685
Gathering Spot,"Light","...",-876,45,-4609
Gathering Spot,"Light","...",-671,47,-4680
Gathering Spot,"Oak","...",-362,109,-4504
Service,"Alchemism Station","...",-483,50,-4947
Gathering Spot,"Light","...",-567,44,-4697
Gathering Spot,"Light","...",-1115,44,-4637
Other,"DANGER!","§6[Lv. 80] Area",-656,10,-5316
Gathering Spot,"Kanderstone","...",-802,56,-5378
