Gathering Spot,"Avo","...",-1340,75,-3107
ServiceNPC,"Emerald Merchant","...",-1587,74,-2889
Dungeon,"Fallen Factory","...",-1645,81,-2604
Gathering Spot,"Pine","...",-1322,93,-2468
Gathering Spot,"Pine","...",-1559,103,-2358
Gathering Spot,"Pine","...",-1339,113,-2504
Gathering Spot,"Pine","...",-1351,92,-2720
Gathering Spot,"Avo","...",-1856,108,-2926
Gathering Spot,"Pine","...",-1377,88,-2767
Gathering Spot,"Silver","...",-1649,91,-2676
Gathering Spot,"Pine","...",-1339,104,-2437
Gathering Spot,"Pine","...",-1322,73,-3155
Gathering Spot,"Avo","...",-1608,77,-2732
Gathering Spot,"Jungle","...",-1339,35,-2729
Gathering Spot,"Pine","...",-1373,96,-2831
NPC,"Legendary Attendant","...",-1079,66,-2420
Gathering Spot,"Avo","...",-1834,100,-2858
Gathering Spot,"Avo","...",-1845,89,-2833
Gathering Spot,"Avo","...",-1848,101,-2953
Gathering Spot,"Diamond","...",-1469,58,-2846
NPC,"Imperial Guard","...",-1914,81,-1725
Gathering Spot,"Avo","...",-1869,103,-2909
Gathering Spot,"Jungle","...",-1180,36,-3240
Gathering Spot,"Avo","...",-1814,77,-2836
Gathering Spot,"Pine","...",-1641,65,-3095
NPC,"Powder Merchant","Merchant",-1646,69,-2891
Gathering Spot,"Jungle","...",-1878,37,-2967
ServiceNPC,"Armour Merchant","...",-1643,70,-2911
Gathering Spot,"Avo","...",-1869,120,-3161
Gathering Spot,"Bass","...",-1797,74,-2615
Gathering Spot,"Pine","...",-1337,63,-3232
Gathering Spot,"Avo","...",-1854,107,-2940
Gathering Spot,"Oak","...",-1526,73,-3067
Gathering Spot,"Pine","...",-1612,70,-3111
Other,"Difficulty: Extreme","§7Difficulty: §cExtreme",-1674,39,-2605
Gathering Spot,"Jungle","...",-1199,35,-3163
Gathering Spot,"Avo","...",-1775,72,-2766
Gathering Spot,"Pine","...",-1076,67,-2346
Other,"Poison","Poison",-1747,37,-2371
Gathering Spot,"Jungle","...",-1930,37,-2770
Gathering Spot,"Pine","...",-1502,72,-3057
NPC,"Corkus Guard","...",-1516,85,-2926
Gathering Spot,"Pine","...",-1538,94,-2351
Gathering Spot,"Pine","...",-1337,99,-2273
Gathering Spot,"Pine","...",-1420,92,-2854
Gathering Spot,"Pine","...",-1778,76,-2170
Gathering Spot,"Avo","...",-1853,102,-2948
Miniquest,"Woodcutting","93",-1836,109,-2906
Gathering Spot,"Avo","...",-1842,85,-2823
Gathering Spot,"Avo","...",-1725,76,-2528
Gathering Spot,"Pine","...",-1384,103,-2871
Gathering Spot,"Avo","...",-1871,103,-2900
Other,"Go back","§c§lGo back",-1515,25,-2935
Miniquest,"Farming","93",-1433,75,-2280
ServiceNPC,"Blacksmith","...",-1146,67,-2405
Gathering Spot,"Avo","...",-1869,103,-2898
Gathering Spot,"Avo","...",-1703,45,-3067
ServiceNPC,"Tool Merchant","...",-1828,118,-3120
ServiceNPC,"Tool Merchant","...",-1638,41,-3453
Gathering Spot,"Oak","...",-1369,68,-3134
Gathering Spot,"Avo","...",-1852,100,-2870
Gathering Spot,"Pine","...",-1320,102,-2279
Gathering Spot,"Wheat","...",-1354,125,-3010
Gathering Spot,"Avo","...",-1303,72,-3063
Gathering Spot,"Avo","...",-1305,69,-3088
NPC,"Javen","...",-1384,71,-2850
Gathering Spot,"Jungle","...",-1432,40,-3396
Gathering Spot,"Oak","...",-1668,59,-3086
NPC,"Javen","...",-1413,48,-2920
Gathering Spot,"Pine","...",-1348,89,-2663
Gathering Spot,"Avo","...",-1279,59,-3103
Gathering Spot,"Oak","...",-1634,68,-3079
Gathering Spot,"Avo","...",-1827,95,-2851
Other,"Corkus City Bank","§2Corkus City Bank",-1612,70,-2901
Miniquest,"Slaying","90",-1721,113,-2255
Gathering Spot,"Avo","...",-1782,76,-2159
Gathering Spot,"Oak","...",-1665,59,-3089
NPC,"Maxie","...",-1707,76,-2610
Gathering Spot,"Pine","...",-1022,59,-2490
Other,"Fresh Corkus Fish","§bFresh Corkus Fish",-1361,35,-2980
Gathering Spot,"Avo","...",-1740,70,-2808
Gathering Spot,"Jungle","...",-1908,37,-2824
Gathering Spot,"Avo","...",-1197,70,-2411
Territory Post,"Corkus Countryside","...",-1590,74,-3100
Gathering Spot,"Pine","...",-1768,102,-3082
Gathering Spot,"Jungle","...",-1851,41,-2975
ServiceNPC,"Emerald Merchant","...",-1601,74,-2893
Gathering Spot,"Avo","...",-1822,53,-2548
Gathering Spot,"Avo","...",-1753,80,-2510
Gathering Spot,"Bass","...",-1811,74,-2593
Booth Shop,"...","...",-1109,67,-2413
Gathering Spot,"Pine","...",-1679,60,-3073
NPC,"Avos Citizen","Citizen",-1872,125,-3112
Gathering Spot,"Pine","...",-1447,78,-2850
Gathering Spot,"Pine","...",-1320,102,-2274
Gathering Spot,"Jungle","...",-1351,36,-2758
Gathering Spot,"Bass","...",-1861,35,-2152
Gathering Spot,"Avo","...",-1302,72,-3211
ServiceNPC,"Weapon Merchant","...",-1626,70,-2970
Gathering Spot,"Pine","...",-1364,102,-2846
NPC,"Ava and Maxie","...",-1374,97,-3183
Gathering Spot,"Avo","...",-1713,45,-3067
Gathering Spot,"Avo","...",-1795,75,-2746
Gathering Spot,"Jungle","...",-1850,41,-3039
Gathering Spot,"Jungle","...",-1168,41,-3272
ServiceNPC,"Emerald Merchant","...",-1598,74,-2889
Gathering Spot,"Jungle","...",-1836,45,-3029
Territory Post,"Bloody Beach","...",-1209,39,-3345
Gathering Spot,"Jungle","...",-1861,41,-2982
Gathering Spot,"Avo","...",-1781,74,-2715
Gathering Spot,"Pine","...",-1671,77,-2210
NPC,"Legendary Merchant","Merchant",-5675,26,-3247
Boss Altar,"Aerie of the Recluse","...",-1747,64,-3070
Gathering Spot,"Bass","...",-1443,35,-2643
Gathering Spot,"Avo","...",-1774,72,-2754
Gathering Spot,"Avo","...",-1814,72,-2747
Dungeon,"Fallen Factory","...",-1674,39,-2604
Territory Post,"Factory Entrance","...",-1717,77,-2627
Gathering Spot,"Pine","...",-1354,105,-2429
BROKEN,"Gathering Spot","null",-1740,72,-2796
Gathering Spot,"Avo","...",-1880,97,-2901
NPC,"Accessory Merchant","Merchant",-1702,38,-2331
Gathering Spot,"Pine","...",-1496,70,-2814
Gathering Spot,"Pine","...",-1295,70,-3238
Gathering Spot,"Pine","...",-1777,100,-2203
Gathering Spot,"Avo","...",-1892,121,-3154
Gathering Spot,"Avo","...",-1307,69,-3090
Gathering Spot,"Pine","...",-1401,87,-2781
Gathering Spot,"Avo","...",-1754,71,-2717
Gathering Spot,"Avo","...",-1850,106,-2900
Gathering Spot,"Avo","...",-1799,72,-2830
Gathering Spot,"Jungle","...",-1227,40,-3360
Gathering Spot,"Avo","...",-1848,106,-2883
Gathering Spot,"Pine","...",-1488,66,-3234
Gathering Spot,"Avo","...",-1720,76,-2204
Gathering Spot,"Pine","...",-1370,97,-2621
Gathering Spot,"Pine","...",-1399,93,-2633
Gathering Spot,"Pine","...",-1628,69,-2800
Gathering Spot,"Avo","...",-1860,106,-2927
Territory Post,"Corkus Sea Cove","...",-1490,71,-2619
Gathering Spot,"Avo","...",-1036,67,-2430
Gathering Spot,"Pine","...",-1680,71,-2535
Other,"The Drunken Dream","§6The Drunken Dream",-1605,40,-2379
Boss Altar,"Geyser Pit","...",-1574,26,-3205
Other,"Level: 90","§7Level: §f90",-1674,39,-2603
ServiceNPC,"Potion Merchant","...",-1637,74,-2946
Other,"Poison","Poison",-1747,37,-2368
NPC,"Corkus Citizen","Citizen",-1606,70,-2885
Territory Post,"Corkus Statue","...",-1347,110,-2883
Gathering Spot,"Jungle","...",-1202,38,-3156
NPC,"Avos Citizen","Citizen",-1810,115,-3109
Gathering Spot,"Pine","...",-1343,97,-2294
Gathering Spot,"Pine","...",-1194,59,-2509
Gathering Spot,"Oak","...",-1567,119,-2326
Gathering Spot,"Avo","...",-1851,79,-2734
Gathering Spot,"Avo","...",-1857,106,-2913
Gathering Spot,"Avo","...",-1742,67,-2871
Gathering Spot,"Avo","...",-1742,71,-2798
Other,"Level: 90","§7Level: §f90",-1645,81,-2603
NPC,"Reiva","...",-1493,70,-2874
Gathering Spot,"Avo","...",-1455,62,-2367
Gathering Spot,"Pine","...",-1474,81,-2778
Gathering Spot,"Avo","...",-1527,93,-2331
Gathering Spot,"Avo","...",-1844,85,-2821
Gathering Spot,"Pine","...",-1750,76,-2639
NPC,"Corkus Guard","...",-1500,71,-2915
NPC,"Ava and Maxie","...",-1380,97,-3182
Gathering Spot,"Pine","...",-1682,60,-3070
Gathering Spot,"Avo","...",-1560,73,-2734
Gathering Spot,"Bass","...",-1442,35,-2635
Gathering Spot,"Silver","...",-1651,90,-2683
Gathering Spot,"Jungle","...",-1191,59,-3258
Service,"Tailoring Station","...",-1640,70,-2913
Gathering Spot,"Jungle","...",-1708,37,-3447
Gathering Spot,"Avo","...",-1783,72,-2815
Gathering Spot,"Bass","...",-1825,74,-2593
Gathering Spot,"Avo","...",-1854,108,-2928
NPC,"Corkus Guard","...",-1497,71,-2915
Gathering Spot,"Pine","...",-1597,70,-3151
Gathering Spot,"Pine","...",-1651,118,-2287
Gathering Spot,"Jungle","...",-1727,35,-3441
NPC,"Phinas","...",-1672,40,-2083
Gathering Spot,"Jungle","...",-1181,66,-3297
Gathering Spot,"Avo","...",-1729,70,-2802
Service,"Trade Market","...",-1624,71,-2933
Service,"Weaponsmithing Station","...",-1602,70,-2955
Gathering Spot,"Avo","...",-1840,114,-2933
Gathering Spot,"Jungle","...",-1768,36,-3419
Gathering Spot,"Pine","...",-1370,99,-2840
Gathering Spot,"Diamond","...",-1436,58,-2847
Other,"The Drunken Dream","§6The Drunken Dream",-1604,40,-2378
Gathering Spot,"Oak","...",-1553,108,-2336
Gathering Spot,"Pine","...",-1529,70,-2798
Gathering Spot,"Pine","...",-1476,67,-3047
BROKEN,"Gathering Spot","null",-1359,125,-3013
Gathering Spot,"Sorghum","...",-1388,122,-2992
Gathering Spot,"Pine","...",-1594,69,-2790
ServiceNPC,"Powder Master","...",-1157,67,-2382
Gathering Spot,"Avo","...",-1812,76,-2737
Gathering Spot,"Avo","...",-1745,69,-2896
Gathering Spot,"Pine","...",-1651,62,-3093
Gathering Spot,"Avo","...",-1788,72,-2832
Gathering Spot,"Bass","...",-1549,35,-2229
Miniquest,"Woodcutting","98",-1686,78,-2187
Gathering Spot,"Pine","...",-1334,65,-3249
Gathering Spot,"Avo","...",-1800,74,-2746
Gathering Spot,"Avo","...",-1821,76,-2728
Gathering Spot,"Diamond","...",-1456,57,-2845
NPC,"Bertil","...",-1491,70,-2879
Gathering Spot,"Avo","...",-1708,69,-2810
Gathering Spot,"Avo","...",-1826,74,-2735
Gathering Spot,"Pine","...",-1466,72,-2840
Gathering Spot,"Avo","...",-1802,72,-2756
Gathering Spot,"Pine","...",-1824,75,-2628
NPC,"Corkus Citizen","Citizen",-1562,76,-2777
Gathering Spot,"Avo","...",-1470,61,-2336
Gathering Spot,"Pine","...",-1369,60,-3173
Territory Post,"Corkus Castle","...",-1472,112,-2910
Gathering Spot,"Avo","...",-1776,71,-2841
Other,"Poison","Poison",-1755,38,-2365
Gathering Spot,"Pine","...",-1750,76,-2634
Gathering Spot,"Avo","...",-1453,62,-2365
Gathering Spot,"Pine","...",-1516,76,-2547
NPC,"Legendary Messenger","...",-1638,69,-2922
Gathering Spot,"Avo","...",-1840,95,-2849
Gathering Spot,"Pine","...",-1421,95,-2837
ServiceNPC,"Blacksmith","...",-1602,39,-2369
Gathering Spot,"Avo","...",-1802,74,-2748
Territory Post,"Ruined Houses","...",-1739,79,-2506
NPC,"Powder Merchant","Merchant",-1642,69,-2891
Gathering Spot,"Avo","...",-1515,74,-2357
Gathering Spot,"Jungle","...",-1181,36,-3345
Gathering Spot,"Avo","...",-1726,65,-2893
Other,"Gold Rewards","§eGold Rewards",-1069,66,-2398
Gathering Spot,"Jungle","...",-1881,35,-3036
Gathering Spot,"Avo","...",-1751,71,-2754
Gathering Spot,"Avo","...",-1357,62,-3245
Gathering Spot,"Jungle","...",-1488,50,-3399
Gathering Spot,"Pine","...",-1511,69,-2819
Gathering Spot,"Pine","...",-1394,99,-2883
Gathering Spot,"Rye","...",-1356,106,-2420
BROKEN,"Gathering Spot","null",-1791,73,-2810
Territory Post,"Corkus Forest South","...",-1721,70,-2798
Gathering Spot,"Avo","...",-1811,72,-2808
ServiceNPC,"Tool Merchant","...",-1559,96,-2671
Other,"??? Ingots or ? Gems","§a§lOre Refinery",-1546,100,-2674
BROKEN,"Gathering Spot","null",-1788,67,-2554
Gathering Spot,"Pine","...",-1773,65,-2404
Gathering Spot,"Pine","...",-1419,92,-2830
NPC,"Mech Guard","...",-1893,41,-3157
Gathering Spot,"Avo","...",-1762,76,-2191
Service,"Housing Balloon","...",-1171,66,-2434
ServiceNPC,"Potion Merchant","...",-1395,70,-2852
Gathering Spot,"Pine","...",-1482,71,-2558
ServiceNPC,"Emerald Merchant","...",-1593,74,-2889
Other,"Corkus City Bank","§2Corkus City Bank",-1596,69,-2911
Gathering Spot,"Avo","...",-1773,76,-2183
Gathering Spot,"Avo","...",-1858,106,-2929
Gathering Spot,"Pine","...",-1392,91,-2821
Gathering Spot,"Jungle","...",-1139,36,-3289
Gathering Spot,"Pine","...",-1432,88,-2770
Gathering Spot,"Pine","...",-1632,69,-3093
Gathering Spot,"Avo","...",-1846,106,-2896
Other,"You must have a CHAMPION rank or higher to use this!","§cYou must have a §6CHAMPION§c rank or higher to use this!",-1171,66,-2434
Gathering Spot,"Avo","...",-1346,120,-3042
Other,"Diamond Rewards","§bDiamond Rewards",-1072,66,-2381
Miniquest,"Farming","91",-1386,126,-3023
Territory Post,"Legendary Island","...",-1094,42,-2507
Gathering Spot,"Oak","...",-1540,73,-3077
Gathering Spot,"Avo","...",-1353,61,-3179
Gathering Spot,"Bass","...",-1744,35,-2059
Miniquest,"Woodcutting","91",-1710,70,-2802
Gathering Spot,"Jungle","...",-1870,35,-1965
Gathering Spot,"Pine","...",-1618,70,-3111
Gathering Spot,"Bass","...",-1756,64,-2402
Gathering Spot,"Jungle","...",-1543,36,-3432
NPC,"Legendary Attendant","...",-1114,67,-2414
Gathering Spot,"Avo","...",-1512,61,-3244
Gathering Spot,"Pine","...",-1593,69,-2807
Gathering Spot,"Avo","...",-1862,103,-2890
Gathering Spot,"Avo","...",-1767,71,-2828
Gathering Spot,"Avo","...",-1670,124,-2270
Gathering Spot,"Avo","...",-1563,76,-2215
Territory Post,"Royal Gate","...",-1914,59,-1768
Other,"Corkus City Bank","§2Corkus City Bank",-1601,74,-2896
NPC,"Nettik","...",-1775,83,-2141
Gathering Spot,"Avo","...",-1762,71,-2836
Gathering Spot,"Avo","...",-1836,106,-2891
Gathering Spot,"Sorghum","...",-1283,90,-2398
Gathering Spot,"Oak","...",-1577,124,-2320
Gathering Spot,"Diamond","...",-1443,56,-2842
Gathering Spot,"Pine","...",-1343,97,-2301
Other,"Corkus City Bank","§2Corkus City Bank",-1585,74,-2896
Other,"Corkus City Bank","§2Corkus City Bank",-1593,73,-2915
NPC,"Bronze Rewards Merchant","Merchant",-1082,66,-2410
Miniquest,"Woodcutting","86",-1339,116,-2870
Gathering Spot,"Avo","...",-1789,72,-2808
Gathering Spot,"Avo","...",-2052,87,-3319
Gathering Spot,"Jungle","...",-1721,38,-3427
Gathering Spot,"Pine","...",-1638,69,-2793
Gathering Spot,"Avo","...",-1843,89,-2835
Gathering Spot,"Pine","...",-1395,90,-2814
Gathering Spot,"Pine","...",-1728,82,-2374
Territory Post,"Corkus City","...",-1610,70,-2936
Gathering Spot,"Avo","...",-1759,69,-2854
Gathering Spot,"Pine","...",-1754,99,-2217
NPC,"Corkus Delegate","...",-1493,70,-2878
Gathering Spot,"Pine","...",-1464,86,-2759
Gathering Spot,"Pine","...",-1713,76,-2651
Gathering Spot,"Avo","...",-1759,80,-2522
Gathering Spot,"Avo","...",-1807,63,-2542
Gathering Spot,"Pine","...",-1286,82,-3160
Other,"Level: 90","§7Level: §f90",-1690,39,-2603
BROKEN,"Gathering Spot","null",-1840,90,-2833
Gathering Spot,"Avo","...",-1796,69,-3207
NPC,"Mech Guard","...",-1928,42,-3162
Gathering Spot,"Pine","...",-1585,72,-3102
BROKEN,"Gathering Spot","null",-1348,124,-3005
Gathering Spot,"Bass","...",-1562,35,-2229
Gathering Spot,"Pine","...",-1639,64,-3107
Gathering Spot,"Pine","...",-1630,69,-2789
Gathering Spot,"Pine","...",-1781,76,-2167
Gathering Spot,"Pine","...",-1773,73,-2611
NPC,"Powder Merchant","Merchant",-1638,69,-2891
Gathering Spot,"Pine","...",-1434,88,-2772
NPC,"Corkian Security Overseer","...",-1504,109,-2881
Gathering Spot,"Avo","...",-1784,72,-2765
Gathering Spot,"Pine","...",-1550,59,-3180
Service,"Housing Balloon","...",-1612,69,-2944
Gathering Spot,"Jungle","...",-1785,37,-3423
NPC,"Mech Guard","...",-1871,42,-3151
Gathering Spot,"Avo","...",-1840,95,-2855
Gathering Spot,"Avo","...",-1865,103,-2892
Gathering Spot,"Pine","...",-1454,90,-2761
ServiceNPC,"Tool Merchant","...",-1605,38,-2389
Booth Shop,"...","...",-1119,67,-2413
Gathering Spot,"Pine","...",-1594,77,-2729
Gathering Spot,"Avo","...",-1768,72,-2744
NPC,"Hot Air Balloon Captain","...",-1571,104,-2915
Gathering Spot,"Pine","...",-1666,85,-2516
Gathering Spot,"Jungle","...",-1442,41,-3410
Gathering Spot,"Bass","...",-1750,35,-2060
Gathering Spot,"Avo","...",-1766,71,-2850
Other,"Difficulty: Extreme","§7Difficulty: §4§lExtreme",-1645,81,-2605
Gathering Spot,"Avo","...",-1836,74,-2731
Territory Post,"Corkus Sea Port","...",-1560,100,-2400
Gathering Spot,"Avo","...",-1984,128,-3318
Gathering Spot,"Avo","...",-1866,91,-2875
NPC,"Corkus Citizen","Citizen",-1586,70,-2955
Gathering Spot,"Avo","...",-1792,75,-2742
Gathering Spot,"Pine","...",-1684,60,-3073
NPC,"Powder Merchant","Merchant",-1630,69,-2891
Gathering Spot,"Pine","...",-1636,64,-3110
Territory Post,"Fallen Factory","...",-1670,83,-2599
Gathering Spot,"Pine","...",-1375,88,-2769
Gathering Spot,"Avo","...",-1750,71,-2809
Gathering Spot,"Avo","...",-1858,106,-2895
Gathering Spot,"Avo","...",-1687,101,-2242
BROKEN,"Gathering Spot","null",-1732,68,-2873
Gathering Spot,"Jungle","...",-1748,38,-3418
NPC,"Diamond Rewards Merchant","Merchant",-1071,66,-2378
Gathering Spot,"Pine","...",-1353,106,-2833
Gathering Spot,"Avo","...",-1738,70,-2903
ServiceNPC,"Tool Merchant","...",-1313,74,-3135
Gathering Spot,"Pine","...",-1350,100,-2380
Gathering Spot,"Bass","...",-1799,74,-2606
Gathering Spot,"Avo","...",-1569,77,-2700
NPC,"Avos Chief","...",-1811,133,-3063
Gathering Spot,"Avo","...",-1286,74,-3226
Gathering Spot,"Avo","...",-1626,109,-2290
Gathering Spot,"Avo","...",-1829,95,-2853
Gathering Spot,"Bass","...",-1820,74,-2592
Gathering Spot,"Oak","...",-1551,108,-2338
NPC,"Gold Rewards Merchant","Merchant",-1067,66,-2395
NPC,"Corkian Security Executive","...",-1392,75,-2839
Gathering Spot,"Pine","...",-1779,73,-2611
ServiceNPC,"Item Identifier","...",-1611,40,-2361
Gathering Spot,"Pine","...",-1447,69,-2570
Gathering Spot,"Pine","...",-1415,95,-2840
Other,"Difficulty: Extreme","§7Difficulty: §cExtreme",-1690,39,-2605
Gathering Spot,"Jungle","...",-1328,35,-2715
Dungeon,"Fallen Factory","...",-1690,39,-2604
Gathering Spot,"Avo","...",-1756,71,-2799
Gathering Spot,"Pine","...",-1431,93,-2849
Gathering Spot,"Avo","...",-1864,91,-2873
Other,"The Drunken Dream","§6The Drunken Dream",-1604,40,-2380
Other,"Corkus City Bank","§2Corkus City Bank",-1590,69,-2911
Gathering Spot,"Bass","...",-1738,35,-2062
Gathering Spot,"Avo","...",-1762,70,-2848
Gathering Spot,"Wheat","...",-1358,125,-3001
Gathering Spot,"Avo","...",-1857,106,-2909
Gathering Spot,"Oak","...",-1649,64,-3086
Gathering Spot,"Bass","...",-1800,74,-2627
Gathering Spot,"Jungle","...",-1203,37,-3213
Gathering Spot,"Pine","...",-1554,109,-2328
Gathering Spot,"Avo","...",-1799,72,-2813
Territory Post,"Corkus Mountain","...",-1799,129,-3085
Gathering Spot,"Jungle","...",-1535,36,-3420
Gathering Spot,"Sorghum","...",-1395,122,-3002
Gathering Spot,"Avo","...",-1781,73,-2727
Gathering Spot,"Avo","...",-1768,71,-2844
Gathering Spot,"Pine","...",-1403,119,-2997
ServiceNPC,"Tool Merchant","...",-1821,51,-2960
Gathering Spot,"Avo","...",-1714,76,-2204
Gathering Spot,"Pine","...",-1777,65,-2406
Gathering Spot,"Avo","...",-1778,73,-2720
Gathering Spot,"Pine","...",-1368,121,-2986
ServiceNPC,"Tool Merchant","...",-1683,38,-2379
Gathering Spot,"Pine","...",-1334,119,-3025
Gathering Spot,"Jungle","...",-1912,37,-2821
Gathering Spot,"Avo","...",-1803,76,-2739
Gathering Spot,"Avo","...",-1852,100,-2865
Gathering Spot,"Avo","...",-1829,74,-2738
Gathering Spot,"Avo","...",-1316,119,-3031
Territory Post,"Road To Mine","...",-1520,74,-2758
Territory Post,"Corkus Outskirts","...",-1425,135,-3150
Miniquest,"Slaying","85",-1751,75,-2694
Gathering Spot,"Pine","...",-1361,100,-2816
Gathering Spot,"Avo","...",-1834,91,-2841
Gathering Spot,"Avo","...",-1573,68,-3246
Gathering Spot,"Pine","...",-1284,82,-3158
NPC,"Avos Shaman","...",-1833,125,-3081
Gathering Spot,"Pine","...",-1627,76,-2728
Gathering Spot,"Oak","...",-1624,70,-3106
Gathering Spot,"Diamond","...",-1308,48,-3087
Gathering Spot,"Avo","...",-1769,71,-2801
Gathering Spot,"Avo","...",-1753,73,-2697
Territory Post,"Corkus City Mine","...",-1414,87,-2792
Territory Post,"Lighthouse Plateau","...",-1526,78,-2231
Gathering Spot,"Pine","...",-1195,70,-2398
Gathering Spot,"Avo","...",-1805,76,-2741
Territory Post,"Corkus Docks","...",-1912,42,-3134
Gathering Spot,"Jungle","...",-1849,43,-3063
NPC,"Relos Citizen","Citizen",-1607,39,-2386
Gathering Spot,"Pine","...",-1630,69,-3095
Other,"Corkus City Bank","§2Corkus City Bank",-1612,74,-2904
Service,"Cooking Station","...",-1582,70,-2953
Gathering Spot,"Avo","...",-1843,95,-2852
Gathering Spot,"Avo","...",-1797,72,-2810
Gathering Spot,"Pine","...",-1350,94,-2677
Other,"Corkus City Bank","§2Corkus City Bank",-1574,70,-2907
Other,"Corkus City Bank","§2Corkus City Bank",-1574,74,-2904
NPC,"Dr. Legendary","...",-5675,27,-3234
Gathering Spot,"Pine","...",-1423,97,-2701
Gathering Spot,"Avo","...",-1814,76,-2739
Gathering Spot,"Pine","...",-1409,141,-3224
Gathering Spot,"Avo","...",-1625,79,-2714
NPC,"Mech Guard","...",-1872,42,-3144
Gathering Spot,"Pine","...",-1448,77,-2839
Miniquest,"Woodcutting","96",-1739,79,-2469
Gathering Spot,"Avo","...",-1856,100,-2880
Gathering Spot,"Avo","...",-1861,106,-2898
Gathering Spot,"Avo","...",-1446,143,-3213
Gathering Spot,"Jungle","...",-1145,37,-3309
Territory Post,"Phinas Farm","...",-1712,73,-2117
ServiceNPC,"Scroll Merchant","...",-1175,66,-2419
ServiceNPC,"Emerald Merchant","...",-1168,66,-2404
NPC,"Diamond Rewards Merchant","Merchant",-1075,66,-2374
Gathering Spot,"Pine","...",-1371,121,-2982
Gathering Spot,"Jungle","...",-1863,41,-2967
Gathering Spot,"Avo","...",-1783,72,-2809
NPC,"Powder Merchant","Merchant",-1634,69,-2891
Gathering Spot,"Avo","...",-1817,76,-2728
Gathering Spot,"Pine","...",-1332,119,-3027
Gathering Spot,"Pine","...",-1484,66,-3064
Gathering Spot,"Pine","...",-1598,69,-2805
Gathering Spot,"Pine","...",-1419,67,-2403
Gathering Spot,"Pine","...",-1374,99,-2836
Other,"Diamond Rewards","§bDiamond Rewards",-1078,66,-2375
Gathering Spot,"Avo","...",-1770,74,-2710
Gathering Spot,"Pine","...",-1408,122,-3012
Gathering Spot,"Sorghum","...",-1392,122,-2993
Gathering Spot,"Avo","...",-1848,106,-2887
Gathering Spot,"Avo","...",-1736,71,-2750
Gathering Spot,"Avo","...",-1811,72,-2759
Gathering Spot,"Pine","...",-1362,102,-2848
Territory Post,"Southern Outpost","...",-1353,97,-2286
Territory Post,"Corkus City South","...",-1616,70,-2776
ServiceNPC,"Potion Merchant","...",-1170,66,-2383
Other,"Bronze Rewards","§6Bronze Rewards",-1079,66,-2412
NPC,"Silver Rewards Merchant","Merchant",-1062,66,-2423
Other,"Corkus City Bank","§2Corkus City Bank",-1612,70,-2907
Other,"Water Temperature: 100 °C","§cWater Temperature: 100 °C",-1524,58,-3098
Gathering Spot,"Sorghum","...",-1323,90,-2341
ServiceNPC,"Tool Merchant","...",-1372,93,-2633
Gathering Spot,"Pine","...",-1352,100,-2382
Gathering Spot,"Silver","...",-1647,90,-2691
ServiceNPC,"Dungeon Merchant","...",-1683,78,-2614
Gathering Spot,"Pine","...",-1807,72,-2151
Other,"Silver Rewards","§fSilver Rewards",-1065,66,-2424
ServiceNPC,"Scroll Merchant","...",-1632,69,-2910
Gathering Spot,"Avo","...",-1896,123,-3119
Service,"Alchemism Station","...",-1574,71,-2960
Gathering Spot,"Avo","...",-1797,72,-2828
Gathering Spot,"Sorghum","...",-1394,122,-2997
Gathering Spot,"Pine","...",-1564,70,-3103
Gathering Spot,"Avo","...",-1776,64,-3216
Gathering Spot,"Avo","...",-1547,73,-2737
ServiceNPC,"Potion Merchant","...",-1692,75,-2595
Gathering Spot,"Oak","...",-1631,68,-3082
Gathering Spot,"Pine","...",-1499,74,-2766
Gathering Spot,"Pine","...",-1560,72,-3091
Gathering Spot,"Avo","...",-1926,137,-3329
Gathering Spot,"Avo","...",-1547,61,-3223
NPC,"Relos Citizen","Citizen",-1679,42,-2340
Gathering Spot,"Avo","...",-1717,76,-2207
Gathering Spot,"Jungle","...",-1395,37,-3397
Gathering Spot,"Pine","...",-1742,115,-2242
Gathering Spot,"Avo","...",-1742,71,-2739
Gathering Spot,"Bass","...",-1779,72,-2525
Gathering Spot,"Oak","...",-1643,64,-3086
ServiceNPC,"Liquid Merchant","...",-1593,69,-2904
Gathering Spot,"Avo","...",-1736,69,-2815
Gathering Spot,"Oak","...",-1593,125,-2313
Gathering Spot,"Avo","...",-1852,79,-2807
Gathering Spot,"Pine","...",-1654,62,-3090
ServiceNPC,"Blacksmith","...",-1604,71,-2915
Gathering Spot,"Avo","...",-1768,71,-2838
Gathering Spot,"Avo","...",-1608,77,-2721
Gathering Spot,"Pine","...",-1359,106,-2879
Gathering Spot,"Avo","...",-1636,76,-2717
Gathering Spot,"Jungle","...",-1928,37,-2745
NPC,"Mech Guard","...",-1897,42,-3141
Gathering Spot,"Avo","...",-1862,102,-2937
ServiceNPC,"Item Identifier","...",-1593,70,-2943
Gathering Spot,"Pine","...",-1638,65,-3098
Gathering Spot,"Jungle","...",-1889,39,-2715
Miniquest,"Fishing","83",-1729,40,-2067
Gathering Spot,"Avo","...",-1836,91,-2843
Other,"Corkus City Bank","§2Corkus City Bank",-1574,70,-2901
Gathering Spot,"Avo","...",-1866,120,-3164
Miniquest,"Fishing","88",-1330,38,-2732
Gathering Spot,"Pine","...",-1611,68,-3223
Other,"Legendary Challenge","§6Legendary Challenge",-5675,24,-3220
NPC,"Corkus Citizen","Citizen",-1597,75,-2903
BROKEN,"Gathering Spot","null",-1836,101,-2861
Gathering Spot,"Avo","...",-1575,69,-2804
Gathering Spot,"Avo","...",-1772,71,-2854
Gathering Spot,"Oak","...",-1626,70,-3104
Gathering Spot,"Pine","...",-1477,83,-2699
Gathering Spot,"Pine","...",-1359,103,-2825
Gathering Spot,"Bass","...",-1776,72,-2531
Gathering Spot,"Pine","...",-1509,71,-2797
ServiceNPC,"Emerald Merchant","...",-1585,74,-2893
Gathering Spot,"Oak","...",-1571,115,-2343
Gathering Spot,"Avo","...",-1832,103,-2873
Gathering Spot,"Pine","...",-1373,88,-2767
Gathering Spot,"Avo","...",-1856,100,-2872
Territory Post,"Corkus Forest North","...",-1714,64,-2911
Gathering Spot,"Pine","...",-1677,71,-2532
NPC,"Relos Citizen","Citizen",-1662,39,-2332
Gathering Spot,"Avo","...",-1858,124,-3103
Gathering Spot,"Pine","...",-1441,93,-2760
Gathering Spot,"Avo","...",-1801,73,-2144
BROKEN,"Gathering Spot","null",-1529,94,-2333
Other,"Sacrifice a Golden Avia Feather","§bUth Shrine",-1911,109,-3235
NPC,"C.S.S Wavebreaker Captain","...",-1371,39,-2948
NPC,"Key Collector","Utility",-1655,83,-2603
Gathering Spot,"Avo","...",-1753,70,-2836
Gathering Spot,"Pine","...",-1558,75,-2702
Gathering Spot,"Avo","...",-1956,139,-3324
ServiceNPC,"Tool Merchant","...",-1280,82,-3168
Gathering Spot,"Bass","...",-1803,74,-2599
Gathering Spot,"Jungle","...",-1512,38,-3400
Gathering Spot,"Avo","...",-1753,71,-2885
