Gathering Spot,"Pine","...",399,30,-5203
Service,"Jeweling Station","...",741,149,-4508
Gathering Spot,"Pine","...",70,44,-5149
NPC,"Jill","...",746,150,-4468
Gathering Spot,"Pine","...",456,30,-5350
Other,"Mayor's Office","§bMayor's Office",839,95,-5016
ServiceNPC,"Powder Master","...",777,81,-5066
NPC,"Potato Merchant","Merchant",181,7,-5288
Territory Post,"Canyon Waterfall North","...",152,71,-4418
Territory Post,"Bandit Cave Upper","...",117,45,-4886
Territory Post,"Canyon Dropoff","...",303,102,-4439
Gathering Spot,"Bamboo","...",219,91,-4358
Other,"Kandon-Beda Library","§3Kandon-Beda Library",724,143,-4511
Gathering Spot,"Wheat","...",738,82,-5121
Gathering Spot,"Pine","...",31,80,-4813
Gathering Spot,"Pine","...",83,53,-4373
Gathering Spot,"Bass","...",501,47,-5567
Territory Post,"Military Base","...",117,52,-5440
Gathering Spot,"Pine","...",90,44,-4955
NPC,"Major","...",167,71,-5483
ServiceNPC,"Blacksmith","...",763,81,-5055
Gathering Spot,"Pine","...",586,120,-4421
Gathering Spot,"Diamond","...",380,28,-5214
Gathering Spot,"Pine","...",97,46,-4395
NPC,"Ranol","...",768,45,-5425
ServiceNPC,"Scroll Merchant","...",749,150,-4462
Other,"In the higher floor","§6In the higher floor",485,102,-5548
Gathering Spot,"Pine","...",682,79,-5130
Gathering Spot,"Pine","...",683,79,-5118
NPC,"Dobile","...",192,7,-5219
Gathering Spot,"Millet","...",426,31,-4940
Gathering Spot,"Bamboo","...",210,91,-4351
Service,"Armouring Station","...",740,152,-4464
Gathering Spot,"Oak","...",417,90,-4659
NPC,"Challenger Apprentice","...",464,110,-5560
BROKEN,"Gathering Spot","null",196,95,-4364
Gathering Spot,"Pine","...",582,74,-5451
Gathering Spot,"Oak","...",489,114,-4821
Other,"Bakery","Bakery",1013,112,-5479
Gathering Spot,"Pine","...",503,68,-5447
Gathering Spot,"Pine","...",296,141,-4572
BROKEN,"Gathering Spot","null",353,34,-5152
NPC,"Reder","...",942,115,-5493
Gathering Spot,"Pine","...",116,45,-5367
ServiceNPC,"Blacksmith","...",767,81,-5062
Other,"Kandon-Beda Library","§3Kandon-Beda Library",716,144,-4510
Other,"Gerten Captain","§2Gerten Captain",31,35,-5339
BROKEN,"Gathering Spot","null",377,30,-5219
Gathering Spot,"Bass","...",446,25,-5223
Gathering Spot,"Bass","...",447,28,-4945
Gathering Spot,"Oak","...",559,114,-4790
Gathering Spot,"Diamond","...",349,79,-5096
Territory Post,"Burning Farm","...",74,44,-4826
Gathering Spot,"Oak","...",505,117,-4808
Miniquest,"Mining","81",337,30,-5356
Gathering Spot,"Oak","...",554,112,-4788
Other,"Eltom Bank","§2Eltom Bank",930,118,-5481
Other,"x2 [+1190 Combat XP]","§dx2 §7[§f+§d1190§f Combat XP§7]",560,113,-5561
Gathering Spot,"Oak","...",532,115,-4763
Gathering Spot,"Bass","...",513,43,-5541
Territory Post,"Valley of the Lost","...",385,38,-4545
Gathering Spot,"Rice","...",499,46,-5546
NPC,"Hive Servant","...",329,31,-5458
Gathering Spot,"Pine","...",308,118,-4542
BROKEN,"Gathering Spot","null",185,105,-4373
Gathering Spot,"Pine","...",438,30,-5247
Territory Post,"Canyon Path North West","...",112,77,-4692
Gathering Spot,"Oak","...",525,110,-4740
Gathering Spot,"Pine","...",292,53,-5171
Gathering Spot,"Oak","...",810,113,-4986
Other,"x2 [+570 Combat XP]","§dx2 §7[§f+§d570§f Combat XP§7]",277,68,-4765
Other,"x2 [+0 Combat XP]","§dx2 §7[§f+§d0§f Combat XP§7]",176,8,-5213
NPC,"Platinum Dealer Merchant","Merchant",158,7,-5218
Gathering Spot,"Oak","...",557,116,-4779
Gathering Spot,"Pine","...",429,31,-5269
NPC,"Thesead Citizen","Citizen",838,94,-5039
NPC,"Sytis","...",326,125,-4528
ServiceNPC,"Emerald Merchant","...",170,7,-5322
Other,"MASTER PRIZE","§d§lMASTER PRIZE",335,5,-5611
Other,"x2 [+768 Combat XP]","§dx2 §7[§f+§d768§f Combat XP§7]",544,20,-5303
Gathering Spot,"Oak","...",503,118,-4831
Territory Post,"Bandit Cave Lower","...",118,45,-4975
Gathering Spot,"Pine","...",397,29,-4426
Gathering Spot,"Pine","...",533,28,-5376
Other,"Kandon-Beda Bank","§2Kandon-Beda Bank",749,150,-4493
Gathering Spot,"Bass","...",499,26,-5377
Territory Post,"Path To Thanos","...",71,46,-5061
Gathering Spot,"Pine","...",400,30,-5343
Gathering Spot,"Oak","...",440,50,-4893
Gathering Spot,"Rice","...",501,49,-5557
Gathering Spot,"Pine","...",752,46,-5446
NPC,"Thanos Citizen","Citizen",141,9,-5279
Gathering Spot,"Pine","...",299,56,-4775
Other,"Kandon-Beda Bank","§2Kandon-Beda Bank",748,150,-4500
Gathering Spot,"Rice","...",495,48,-5557
Gathering Spot,"Pine","...",86,70,-5538
Gathering Spot,"Pine","...",261,95,-5319
Other,"x2 [+498 Combat XP]","§dx2 §7[§f+§d498§f Combat XP§7]",552,117,-5569
Territory Post,"Ranol's Farm","...",756,47,-5441
Other,"Kandon-Beda Bank","§2Kandon-Beda Bank",748,150,-4492
NPC,"Syni","...",158,7,-5228
ServiceNPC,"Item Identifier","...",727,154,-4479
ServiceNPC,"Potion Merchant","...",758,79,-5045
Gathering Spot,"Oak","...",189,55,-5543
Gathering Spot,"Oak","...",436,90,-4659
Gathering Spot,"Pine","...",300,87,-4706
Service,"Scribing Station","...",789,81,-5078
Gathering Spot,"Pine","...",502,28,-5407
NPC,"Thesead Citizen","Citizen",770,79,-5065
Gathering Spot,"Pine","...",660,79,-5172
NPC,"Hilan","...",971,147,-5466
Gathering Spot,"Pine","...",432,74,-4393
Gathering Spot,"Pine","...",582,119,-4429
Gathering Spot,"Pine","...",596,31,-5186
Gathering Spot,"Pine","...",77,78,-5522
ServiceNPC,"Emerald Merchant","...",801,94,-5037
BROKEN,"Gathering Spot","null",813,82,-5177
Gathering Spot,"Oak","...",795,96,-5023
Other,"x2 [+886 Combat XP]","§dx2 §7[§f+§d886§f Combat XP§7]",573,107,-5574
Gathering Spot,"Pine","...",574,99,-4443
Gathering Spot,"Pine","...",151,114,-5495
Territory Post,"Canyon Survivor","...",305,116,-4535
Gathering Spot,"Pine","...",640,93,-4383
Gathering Spot,"Pine","...",595,146,-4397
Territory Post,"Kandon-Beda","...",747,112,-4466
Territory Post,"Path To Military Base","...",102,47,-5352
NPC,"Gana","...",444,104,-4805
Gathering Spot,"Pine","...",551,29,-5008
Gathering Spot,"Pine","...",65,44,-5174
Gathering Spot,"Pine","...",420,30,-5324
Gathering Spot,"Bass","...",512,43,-5544
NPC,"Dolem","...",162,7,-5176
Gathering Spot,"Bass","...",585,15,-5520
Gathering Spot,"Pine","...",75,45,-5237
Gathering Spot,"Pine","...",290,53,-5178
Gathering Spot,"Pine","...",300,75,-4851
Gathering Spot,"Wheat","...",794,82,-5195
Gathering Spot,"Pine","...",370,32,-5166
NPC,"Book Merchant","Merchant",157,7,-5209
ServiceNPC,"Blacksmith","...",348,34,-5481
Gathering Spot,"Pine","...",62,46,-4764
Gathering Spot,"Pine","...",26,82,-4795
Other,"x2 [+0 Combat XP]","§dx2 §7[§f+§d0§f Combat XP§7]",176,7,-5214
Other,"x2 [+530 Combat XP]","§dx2 §7[§f+§d530§f Combat XP§7]",541,79,-5221
Gathering Spot,"Pine","...",867,46,-5415
NPC,"Thanos Citizen","Citizen",229,30,-5219
Gathering Spot,"Pine","...",82,46,-5357
Territory Post,"Thanos Exit","...",292,53,-5242
ServiceNPC,"Blacksmith","...",767,81,-5057
Service,"Woodworking Station","...",744,149,-4487
Gathering Spot,"Oak","...",483,108,-4731
Gathering Spot,"Pine","...",314,30,-5126
NPC,"Dorroc","...",159,8,-5285
NPC,"Yansur","...",372,65,-5501
Gathering Spot,"Pine","...",344,149,-4483
Gathering Spot,"Pine","...",89,46,-5485
Other,"Document","Document",793,114,-4982
Gathering Spot,"Pine","...",830,46,-5423
Gathering Spot,"Pine","...",65,44,-5142
Gathering Spot,"Rice","...",202,95,-4361
Gathering Spot,"Pine","...",297,91,-4722
Other,"x2 [+582 Combat XP]","§dx2 §7[§f+§d582§f Combat XP§7]",592,105,-5568
Other,"Important Document","Important Document",821,118,-4991
NPC,"Hive Water Merchant","Merchant",343,13,-5568
Service,"Alchemism Station","...",208,32,-5223
Gathering Spot,"Diamond","...",286,13,-4844
Gathering Spot,"Pine","...",477,28,-5384
Gathering Spot,"Oak","...",495,108,-4717
Gathering Spot,"Oak","...",507,118,-4831
NPC,"Transmutation Merchant","Merchant",334,5,-5617
NPC,"Nakoba","...",191,7,-5236
Gathering Spot,"Diamond","...",288,13,-4840
Gathering Spot,"Pine","...",605,126,-4407
Service,"Tailoring Station","...",748,149,-4506
Gathering Spot,"Pine","...",285,107,-4701
NPC,"Transmutation Merchant","Merchant",333,9,-5588
Territory Post,"Entrance to Thesead North","...",673,80,-5014
Gathering Spot,"Wheat","...",745,82,-5157
Gathering Spot,"Pine","...",157,114,-5495
Territory Post,"Ghostly Path","...",68,46,-4688
Gathering Spot,"Wheat","...",803,83,-5177
NPC,"Thanos Citizen","Citizen",176,7,-5215
Other,"Important Document","Important Document",828,125,-4987
NPC,"Sensei Miyagi","...",495,110,-5571
Gathering Spot,"Oak","...",797,96,-5021
Gathering Spot,"Bass","...",579,15,-5523
Gathering Spot,"Pine","...",467,29,-5358
Gathering Spot,"Oak","...",447,112,-4803
Gathering Spot,"Pine","...",598,100,-4442
Gathering Spot,"Oak","...",462,117,-4821
Gathering Spot,"Pine","...",294,118,-4671
Gathering Spot,"Pine","...",441,75,-4394
Gathering Spot,"Pine","...",62,44,-4538
Gathering Spot,"Pine","...",494,76,-4433
NPC,"Narder","...",661,79,-5070
NPC,"Thesead Citizen","Citizen",765,79,-5026
Gathering Spot,"Oak","...",417,90,-4647
Gathering Spot,"Bamboo","...",206,87,-4346
Service,"Woodworking Station","...",226,31,-5228
BROKEN,"Gathering Spot","null",827,97,-5052
Gathering Spot,"Pine","...",453,29,-4955
NPC,"Sergeant","...",132,66,-5490
Other,"Kandon-Beda Bank","§2Kandon-Beda Bank",750,150,-4500
Other,"Hobgoblin","§2§fHobgoblin",397,52,-4774
NPC,"Thesead's Mayor","...",832,113,-4994
Gathering Spot,"Pine","...",842,48,-5406
Gathering Spot,"Oak","...",836,96,-5049
Gathering Spot,"Pine","...",754,46,-5444
Other,"x2 [+560 Combat XP]","§dx2 §7[§f+§d560§f Combat XP§7]",312,31,-5468
Gathering Spot,"Pine","...",57,44,-5436
Gathering Spot,"Pine","...",295,57,-4776
Gathering Spot,"Bass","...",580,15,-5531
Gathering Spot,"Pine","...",755,46,-5422
Territory Post,"Canyon Mountain South","...",334,67,-4921
Gathering Spot,"Bass","...",83,44,-5080
Gathering Spot,"Pine","...",655,79,-5038
Gathering Spot,"Oak","...",807,96,-5014
Gathering Spot,"Oak","...",533,112,-4786
Gathering Spot,"Bass","...",498,26,-5382
Territory Post,"Thesead","...",770,81,-5083
BROKEN,"Gathering Spot","null",787,97,-4997
Territory Post,"Air Temple Upper","...",452,109,-4765
NPC,"King Burtan","...",50,17,-5242
Gathering Spot,"Pine","...",858,46,-5413
Gathering Spot,"Pine","...",700,79,-5107
Gathering Spot,"Pine","...",180,68,-5309
Other,"Thanos Bank","§2Thanos Bank",167,11,-5314
Gathering Spot,"Pine","...",165,91,-5438
Gathering Spot,"Wheat","...",745,83,-5149
Gathering Spot,"Pine","...",71,45,-5441
Gathering Spot,"Pine","...",766,46,-5400
ServiceNPC,"Powder Master","...",208,31,-5226
Service,"Armouring Station","...",237,31,-5234
NPC,"Master Weapon Merchant","Merchant",340,5,-5623
Gathering Spot,"Pine","...",299,102,-4429
Gathering Spot,"Oak","...",461,73,-4897
Service,"Weaponsmithing Station","...",734,152,-4461
Gathering Spot,"Diamond","...",377,62,-4508
Gathering Spot,"Pine","...",315,147,-4548
Gathering Spot,"Pine","...",93,51,-5283
ServiceNPC,"Potion Merchant","...",922,115,-5489
NPC,"Challenger Apprentice","...",477,111,-5560
Other,"x2 [+876 Combat XP]","§dx2 §7[§f+§d876§f Combat XP§7]",582,107,-5561
Gathering Spot,"Pine","...",163,115,-5488
Gathering Spot,"Oak","...",467,111,-4774
Gathering Spot,"Wheat","...",748,82,-5166
Other,"Important Document","Important Document",821,119,-4989
Gathering Spot,"Pine","...",380,29,-5351
Gathering Spot,"Pine","...",559,58,-5440
Gathering Spot,"Rice","...",501,45,-5541
Gathering Spot,"Pine","...",605,100,-4433
Service,"Housing Balloon","...",987,108,-5488
Gathering Spot,"Pine","...",272,95,-5351
Gathering Spot,"Bamboo","...",193,100,-4381
Gathering Spot,"Oak","...",415,90,-4657
NPC,"Thesead Citizen","Citizen",804,79,-5070
Gathering Spot,"Pine","...",876,46,-5404
Other,"x2 [+612 Combat XP]","§dx2 §7[§f+§d612§f Combat XP§7]",587,97,-5565
Other,"x2 [+594 Combat XP]","§dx2 §7[§f+§d594§f Combat XP§7]",297,69,-4806
ServiceNPC,"Blacksmith","...",744,150,-4461
Gathering Spot,"Oak","...",811,96,-5014
Other,"x2 [+660 Combat XP]","§dx2 §7[§f+§d660§f Combat XP§7]",298,68,-4810
ServiceNPC,"Potion Merchant","...",215,30,-5219
Miniquest,"Woodcutting","81",81,56,-5289
Gathering Spot,"Pine","...",158,61,-5304
Gathering Spot,"Pine","...",303,30,-5104
Gathering Spot,"Pine","...",90,45,-4967
Miniquest,"Woodcutting","83",646,81,-5058
Gathering Spot,"Rice","...",504,45,-5537
Gathering Spot,"Pine","...",601,126,-4404
ServiceNPC,"Emerald Merchant","...",800,94,-5041
NPC,"Yuge","...",335,128,-4489
Gathering Spot,"Oak","...",430,90,-4674
Gathering Spot,"Pine","...",276,199,-4339
Gathering Spot,"Bass","...",449,24,-5218
NPC,"Thanos Citizen","Citizen",204,30,-5244
NPC,"Thesead Citizen","Citizen",738,79,-5180
Gathering Spot,"Rice","...",505,49,-5552
Gathering Spot,"Pine","...",583,98,-4446
NPC,"Siegfried Fan Merchant","Merchant",784,79,-5054
NPC,"Hive Servant","...",343,48,-5551
Gathering Spot,"Pine","...",77,45,-5421
Territory Post,"Canyon Walk Way","...",316,32,-5110
Territory Post,"Thanos","...",193,9,-5242
Gathering Spot,"Wheat","...",743,83,-5136
Gathering Spot,"Oak","...",545,113,-4815
Gathering Spot,"Pine","...",511,31,-5456
Gathering Spot,"Pine","...",656,79,-5157
Gathering Spot,"Pine","...",686,79,-5028
Gathering Spot,"Bamboo","...",191,100,-4375
Gathering Spot,"Pine","...",307,52,-5278
Gathering Spot,"Pine","...",291,128,-5054
Gathering Spot,"Oak","...",542,115,-4777
Gathering Spot,"Pine","...",329,32,-5132
Gathering Spot,"Rice","...",494,49,-5568
Gathering Spot,"Pine","...",608,127,-4397
Gathering Spot,"Wheat","...",762,82,-5147
Gathering Spot,"Oak","...",512,113,-4776
Other,"Exit","§4Exit",1012,113,-5517
Gathering Spot,"Rice","...",503,49,-5563
Gathering Spot,"Pine","...",339,29,-5345
NPC,"Eltom Guard","...",982,109,-5450
Gathering Spot,"Pine","...",918,83,-5390
Territory Post,"Canyon Path South East","...",115,77,-4649
Gathering Spot,"Pine","...",288,128,-5051
Gathering Spot,"Pine","...",426,29,-4472
NPC,"Hive Air Merchant","Merchant",344,21,-5530
Miniquest,"Slaying","83",549,31,-4996
BROKEN,"Gathering Spot","null",515,113,-4792
Gathering Spot,"Pine","...",635,93,-4374
Gathering Spot,"Rice","...",510,49,-5559
Service,"Jeweling Station","...",226,31,-5254
Gathering Spot,"Pine","...",286,53,-5175
Gathering Spot,"Pine","...",862,44,-5431
Other,"HIVE SHOP","§b§lHIVE SHOP",337,37,-5468
Gathering Spot,"Oak","...",467,111,-4790
Gathering Spot,"Pine","...",942,193,-5557
Gathering Spot,"Oak","...",534,113,-4778
Gathering Spot,"Pine","...",74,44,-4967
ServiceNPC,"Scroll Merchant","...",776,79,-5051
Territory Post,"Thanos Valley West","...",265,97,-5378
Gathering Spot,"Pine","...",426,30,-5341
Gathering Spot,"Pine","...",370,32,-5172
Gathering Spot,"Oak","...",832,96,-5051
Gathering Spot,"Millet","...",79,45,-4858
Gathering Spot,"Bass","...",485,28,-4434
Gathering Spot,"Pine","...",591,148,-4399
Gathering Spot,"Oak","...",486,114,-4748
Other,"Important Document","Important Document",833,118,-4992
Other,"Kandon-Beda Bank","§2Kandon-Beda Bank",749,150,-4499
Gathering Spot,"Pine","...",88,45,-4965
Gathering Spot,"Rice","...",497,47,-5551
Gathering Spot,"Pine","...",424,29,-4470
Service,"Jeweling Station","...",939,118,-5513
Other,"Click the green","§6Click the green",485,104,-5547
Gathering Spot,"Pine","...",67,83,-5480
Gathering Spot,"Millet","...",71,45,-4855
Gathering Spot,"Pine","...",755,46,-5426
Gathering Spot,"Pine","...",923,83,-5390
Gathering Spot,"Pine","...",648,79,-5030
NPC,"Yobon","...",159,7,-5270
Gathering Spot,"Pine","...",82,46,-5263
Gathering Spot,"Pine","...",603,100,-4442
Gathering Spot,"Pine","...",276,199,-4345
Gathering Spot,"Oak","...",460,117,-4819
Gathering Spot,"Pine","...",494,102,-5364
Gathering Spot,"Pine","...",346,149,-4485
Gathering Spot,"Pine","...",700,79,-5111
Gathering Spot,"Pine","...",306,30,-5107
Booth Shop,"...","...",926,117,-5511
Gathering Spot,"Pine","...",874,46,-5428
Gathering Spot,"Pine","...",33,51,-4778
Gathering Spot,"Oak","...",434,90,-4674
Gathering Spot,"Pine","...",436,32,-5262
Territory Post,"Path To The Arch","...",66,46,-4583
NPC,"Transmutation Merchant","Merchant",336,5,-5623
Gathering Spot,"Pine","...",630,93,-4387
Other,"x2 [+136 Combat XP]","§dx2 §7[§f+§d136§f Combat XP§7]",336,29,-5320
Gathering Spot,"Diamond","...",291,14,-4842
ServiceNPC,"Armour Merchant","...",761,79,-5033
Gathering Spot,"Pine","...",176,68,-5309
Gathering Spot,"Rice","...",512,45,-5537
Gathering Spot,"Pine","...",610,127,-4403
Gathering Spot,"Pine","...",231,80,-5273
Gathering Spot,"Pine","...",444,30,-5237
Gathering Spot,"Oak","...",549,113,-4816
Gathering Spot,"Pine","...",377,29,-5337
Gathering Spot,"Pine","...",604,87,-4423
Gathering Spot,"Wheat","...",808,83,-5165
Gathering Spot,"Pine","...",453,125,-4365
Gathering Spot,"Pine","...",326,32,-5129
Gathering Spot,"Pine","...",535,28,-5368
Other,"x2 [+640 Combat XP]","§dx2 §7[§f+§d640§f Combat XP§7]",558,114,-5560
Gathering Spot,"Koi","...",515,103,-5543
Gathering Spot,"Oak","...",507,115,-4798
Gathering Spot,"Pine","...",533,28,-5370
Other,"x2 [+712 Combat XP]","§dx2 §7[§f+§d712§f Combat XP§7]",249,77,-5376
NPC,"Hive Servant","...",322,48,-5501
Booth Shop,"...","...",760,80,-5038
Service,"Weaponsmithing Station","...",905,124,-5570
Gathering Spot,"Pine","...",89,45,-4993
Other,"You Are Here","§6You Are Here",96,46,-4485
Gathering Spot,"Pine","...",229,80,-5271
Other,"Kandon-Beda Bank","§2Kandon-Beda Bank",741,148,-4483
ServiceNPC,"Liquid Merchant","...",167,7,-5324
Gathering Spot,"Pine","...",156,61,-5302
Gathering Spot,"Bass","...",454,24,-5222
NPC,"Master Armour Merchant","Merchant",334,5,-5613
Territory Post,"Thanos Exit Upper","...",365,52,-5257
Territory Post,"Cherry Blossom Forest","...",604,100,-5487
Gathering Spot,"Pine","...",389,30,-5350
Gathering Spot,"Pine","...",57,61,-5467
ServiceNPC,"Powder Master","...",729,155,-4467
Gathering Spot,"Wheat","...",764,82,-5183
Other,"x2 [+732 Combat XP]","§dx2 §7[§f+§d732§f Combat XP§7]",726,46,-5442
Other,"x2 [+476 Combat XP]","§dx2 §7[§f+§d476§f Combat XP§7]",330,31,-5125
Gathering Spot,"Bass","...",583,14,-5539
Gathering Spot,"Pine","...",802,46,-5412
ServiceNPC,"Scroll Merchant","...",226,30,-5268
Gathering Spot,"Pine","...",449,29,-4955
Gathering Spot,"Bass","...",448,25,-5226
Gathering Spot,"Pine","...",400,30,-5221
Gathering Spot,"Pine","...",597,100,-4436
Gathering Spot,"Oak","...",403,94,-4802
Gathering Spot,"Pine","...",297,113,-4396
NPC,"Transmutation Merchant","Merchant",333,29,-5501
Gathering Spot,"Pine","...",231,80,-5269
Miniquest,"Slaying","88",139,60,-4399
Other,"HIVE SHOP","§b§lHIVE SHOP",336,37,-5469
Service,"Cooking Station","...",208,31,-5232
Territory Post,"Canyon Fortress","...",325,62,-4681
Gathering Spot,"Oak","...",541,113,-4784
Gathering Spot,"Pine","...",595,100,-4438
NPC,"Hive Thunder Merchant","Merchant",344,29,-5500
Other,"x2 [+318 Combat XP]","§dx2 §7[§f+§d318§f Combat XP§7]",339,31,-5109
Gathering Spot,"Pine","...",292,53,-5175
Gathering Spot,"Pine","...",580,98,-4449
Territory Post,"Eltom","...",976,109,-5497
NPC,"Challenger Apprentice","...",465,111,-5579
Gathering Spot,"Pine","...",347,29,-5329
Gathering Spot,"Pine","...",389,30,-5186
BROKEN,"Gathering Spot","null",356,34,-5155
Territory Post,"Military Base Lower","...",220,80,-5363
Gathering Spot,"Pine","...",697,136,-4440
Other,"Mayor's Office","§bMayor's Office",797,95,-5010
Gathering Spot,"Pine","...",290,165,-4499
Gathering Spot,"Pine","...",407,33,-5291
Booth Shop,"...","...",335,76,-5497
NPC,"Marden","...",16,75,-4795
Territory Post,"Bandit Camp Exit","...",260,81,-4931
Gathering Spot,"Pine","...",288,80,-5033
Gathering Spot,"Diamond","...",281,13,-4821
Territory Post,"Cinfras County Mid-Lower","...",-13,41,-4845
Gathering Spot,"Pine","...",76,49,-4728
Gathering Spot,"Bass","...",587,15,-5512
Gathering Spot,"Pine","...",509,28,-5403
Gathering Spot,"Oak","...",792,96,-5008
Gathering Spot,"Wheat","...",759,82,-5171
Service,"Tailoring Station","...",778,82,-5062
Other,"Mayor's Office","§bMayor's Office",824,116,-4998
ServiceNPC,"Weapon Merchant","...",772,79,-5030
Gathering Spot,"Diamond","...",375,30,-5209
Other,"x2 [+482 Combat XP]","§dx2 §7[§f+§d482§f Combat XP§7]",306,31,-5463
Gathering Spot,"Pine","...",511,28,-5401
Gathering Spot,"Pine","...",82,50,-4398
Gathering Spot,"Pine","...",672,79,-5048
Gathering Spot,"Pine","...",592,31,-5181
Territory Post,"Mountain Edge","...",388,65,-4363
Gathering Spot,"Pine","...",83,44,-4891
Gathering Spot,"Bass","...",480,28,-4434
Gathering Spot,"Wheat","...",775,82,-5143
Gathering Spot,"Pine","...",125,54,-5302
Gathering Spot,"Pine","...",479,28,-5382
Other,"Misty Canyon Tavern","Misty Canyon Tavern",146,56,-5452
Gathering Spot,"Pine","...",542,29,-5413
Raid,"Combat Lv. Min: 95","...",662,48,-4448
NPC,"Thanos Citizen","Citizen",196,7,-5247
Gathering Spot,"Pine","...",69,57,-4391
NPC,"Govid","...",157,7,-5256
NPC,"Irlok","...",499,155,-4778
Other,"Next to the curtains","§6Next to the curtains",484,103,-5550
NPC,"Lodog","...",179,7,-5230
Territory Post,"Cliffside Valley","...",502,30,-4997
Gathering Spot,"Pine","...",535,28,-5378
Gathering Spot,"Pine","...",371,29,-5337
Gathering Spot,"Pine","...",535,28,-5372
NPC,"Dohstaj","...",179,7,-5253
Gathering Spot,"Rice","...",198,95,-4358
NPC,"Bricot","...",65,42,-4844
Miniquest,"Farming","88",79,48,-4772
NPC,"Hive Servant","...",345,47,-5490
BROKEN,"Gathering Spot","null",769,82,-5137
Gathering Spot,"Pine","...",317,147,-4550
NPC,"Transmutation Merchant","Merchant",343,5,-5617
Gathering Spot,"Pine","...",83,44,-4884
Gathering Spot,"Wheat","...",780,82,-5188
Territory Post,"Burning Airship","...",77,45,-4910
Gathering Spot,"Pine","...",76,44,-4969
Other,"Kandon-Beda Bank","§2Kandon-Beda Bank",750,150,-4492
Gathering Spot,"Oak","...",859,96,-5025
Gathering Spot,"Pine","...",94,44,-5052
Gathering Spot,"Pine","...",595,89,-4427
Gathering Spot,"Pine","...",363,86,-4529
Other,"x2 [+144 Combat XP]","§dx2 §7[§f+§d144§f Combat XP§7]",352,29,-5328
Gathering Spot,"Bamboo","...",225,91,-4350
Gathering Spot,"Pine","...",356,88,-4469
Gathering Spot,"Pine","...",889,44,-5464
Gathering Spot,"Bass","...",291,55,-4799
NPC,"Dejol","...",447,28,-4461
Gathering Spot,"Pine","...",747,80,-5082
Gathering Spot,"Pine","...",389,30,-5181
Gathering Spot,"Wheat","...",759,82,-5137
Gathering Spot,"Bass","...",585,15,-5529
Gathering Spot,"Bass","...",80,44,-5094
Territory Post,"Canyon Mountain East","...",302,97,-4999
Other,"Kandon-Beda Bank","§2Kandon-Beda Bank",749,150,-4491
Gathering Spot,"Pine","...",239,87,-5211
ServiceNPC,"Item Identifier","...",789,82,-5073
Gathering Spot,"Pine","...",86,44,-5422
Gathering Spot,"Pine","...",453,125,-4369
Other,"Important Document","Important Document",824,120,-4987
ServiceNPC,"Emerald Merchant","...",918,117,-5473
NPC,"Mayor Eoric","...",942,121,-5549
Other,"To open the door","§6To open the door",484,103,-5546
Gathering Spot,"Pine","...",67,57,-4389
Gathering Spot,"Pine","...",615,127,-4398
Gathering Spot,"Oak","...",533,112,-4790
Gathering Spot,"Oak","...",452,88,-4705
Other,"Thesead Bank","§2Thesead Bank",811,98,-5031
Gathering Spot,"Pine","...",762,80,-5095
Gathering Spot,"Pine","...",428,29,-4464
Gathering Spot,"Oak","...",568,29,-5007
Gathering Spot,"Pine","...",523,28,-5373
Gathering Spot,"Oak","...",817,96,-5020
Gathering Spot,"Bamboo","...",210,87,-4342
Gathering Spot,"Oak","...",439,112,-4828
NPC,"Sybeth","...",997,108,-5484
ServiceNPC,"Emerald Merchant","...",808,94,-5033
NPC,"Nichye","...",972,108,-5495
Gathering Spot,"Pine","...",103,44,-5092
Other,"Ansei's Journal","§2§fAnsei's Journal",437,74,-4386
NPC,"Ansei","...",479,81,-4348
Gathering Spot,"Pine","...",308,118,-4537
Service,"Tailoring Station","...",208,31,-5253
Gathering Spot,"Pine","...",855,47,-5399
Other,"x2 [+0 Combat XP]","§dx2 §7[§f+§d0§f Combat XP§7]",176,7,-5210
Gathering Spot,"Pine","...",602,100,-4436
Other,"x2 [+556 Combat XP]","§dx2 §7[§f+§d556§f Combat XP§7]",313,34,-5481
Gathering Spot,"Pine","...",554,150,-4438
Service,"Weaponsmithing Station","...",769,81,-5032
Service,"Scribing Station","...",749,152,-4458
Gathering Spot,"Diamond","...",351,79,-5089
Territory Post,"Hive","...",334,32,-5450
ServiceNPC,"Tool Merchant","...",91,45,-4669
Gathering Spot,"Pine","...",87,48,-4631
Gathering Spot,"Pine","...",82,50,-4394
Other,"Important Document","Important Document",827,124,-4987
Gathering Spot,"Pine","...",359,88,-4467
ServiceNPC,"Item Identifier","...",914,114,-5499
Gathering Spot,"Oak","...",525,112,-4752
Gathering Spot,"Bass","...",492,27,-5374
NPC,"Nodise","...",701,142,-4522
Gathering Spot,"Pine","...",628,93,-4370
Gathering Spot,"Wheat","...",755,82,-5145
Gathering Spot,"Pine","...",291,100,-4738
Gathering Spot,"Pine","...",115,67,-5489
NPC,"Hive Fire Merchant","Merchant",343,9,-5589
Gathering Spot,"Pine","...",630,93,-4379
Gathering Spot,"Rice","...",433,31,-4940
Gathering Spot,"Pine","...",236,83,-5246
NPC,"Kofis","...",505,51,-4464
Gathering Spot,"Diamond","...",376,63,-4506
Other,"Document","Document",793,115,-4980
Gathering Spot,"Bass","...",448,24,-5221
Other,"Important Document","Important Document",827,119,-4990
Other,"Cow","§2§fCow",773,46,-5420
ServiceNPC,"Emerald Merchant","...",745,147,-4496
Service,"Weaponsmithing Station","...",238,31,-5254
Gathering Spot,"Pine","...",940,193,-5560
Gathering Spot,"Rice","...",511,49,-5551
Territory Post,"Krolton's Cave","...",388,30,-4900
Other,"x2 [+832 Combat XP]","§dx2 §7[§f+§d832§f Combat XP§7]",306,80,-5052
Gathering Spot,"Oak","...",469,117,-4823
Other,"Important Document","Important Document",823,125,-4986
Other,"Thesead Bank","§2Thesead Bank",780,80,-5033
Territory Post,"Cliff Side of the Lost","...",371,58,-4444
Gathering Spot,"Pine","...",86,46,-5355
NPC,"Grenot","...",676,78,-5020
Gathering Spot,"Pine","...",712,79,-5093
Gathering Spot,"Pine","...",652,79,-5054
Gathering Spot,"Pine","...",850,46,-5426
ServiceNPC,"Weapon Merchant","...",250,30,-5259
Other,"x2 [+728 Combat XP]","§dx2 §7[§f+§d710§f Combat XP§7]",308,80,-5049
BROKEN,"Gathering Spot","null",532,112,-4792
Gathering Spot,"Bass","...",581,14,-5516
Gathering Spot,"Pine","...",710,79,-5095
Gathering Spot,"Bass","...",385,27,-5191
ServiceNPC,"Emerald Merchant","...",920,117,-5475
NPC,"Hive Servant","...",368,48,-5495
Gathering Spot,"Oak","...",427,90,-4650
Gathering Spot,"Pine","...",274,199,-4343
Gathering Spot,"Rice","...",88,45,-4839
Gathering Spot,"Pine","...",438,32,-5264
BROKEN,"Gathering Spot","null",519,113,-4792
Territory Post,"Entrance to Thesead South","...",655,80,-5082
Gathering Spot,"Oak","...",439,90,-4690
Gathering Spot,"Pine","...",93,96,-5551
ServiceNPC,"Armour Merchant","...",250,30,-5225
NPC,"Lumilda","...",1022,110,-5483
NPC,"Duri","...",186,7,-5266
Gathering Spot,"Pine","...",259,95,-5385
NPC,"Hot Air Balloon Captain","...",756,175,-4402
Gathering Spot,"Rice","...",508,45,-5538
Gathering Spot,"Pine","...",868,46,-5424
Gathering Spot,"Pine","...",291,137,-4683
Gathering Spot,"Pine","...",757,46,-5424
Other,"Armor Merchant","§rArmor Merchant",758,82,-5038
Gathering Spot,"Rice","...",95,45,-4861
Gathering Spot,"Pine","...",527,28,-5373
NPC,"General Lecade","...",153,80,-5479
Gathering Spot,"Pine","...",441,32,-5359
Other,"Fable","§2Fable",691,138,-4503
Gathering Spot,"Oak","...",495,60,-4932
Gathering Spot,"Oak","...",819,96,-5018
Gathering Spot,"Oak","...",465,73,-4897
Gathering Spot,"Bass","...",81,44,-5088
Service,"Woodworking Station","...",944,118,-5509
Territory Post,"Hive South","...",484,29,-5392
Gathering Spot,"Pine","...",444,75,-4397
Gathering Spot,"Pine","...",254,94,-5385
NPC,"Lieutenant Gren","...",146,71,-5473
Gathering Spot,"Pine","...",787,46,-5418
Territory Post,"Path To Ozoth's Spire Mid","...",260,72,-5098
Gathering Spot,"Wheat","...",768,82,-5140
ServiceNPC,"Emerald Merchant","...",920,117,-5463
Gathering Spot,"Pine","...",420,30,-5217
Gathering Spot,"Oak","...",796,81,-5083
Territory Post,"Aldorei's Arch","...",74,45,-4447
Service,"Cooking Station","...",772,47,-5436
ServiceNPC,"Potion Merchant","...",749,150,-4476
Gathering Spot,"Pine","...",425,29,-4461
Gathering Spot,"Pine","...",57,44,-5440
Gathering Spot,"Pine","...",239,83,-5243
NPC,"Felim","...",294,88,-4542
Gathering Spot,"Wheat","...",801,83,-5160
BROKEN,"Gathering Spot","null",213,101,-4376
Gathering Spot,"Bamboo","...",216,91,-4351
Territory Post,"Canyon Waterfall Mid North","...",286,71,-4798
Gathering Spot,"Pine","...",525,28,-5371
NPC,"Transmutation Merchant","Merchant",333,21,-5530
Gathering Spot,"Pine","...",267,97,-5372
Gathering Spot,"Pine","...",431,30,-5300
Gathering Spot,"Pine","...",839,48,-5403
Gathering Spot,"Pine","...",65,46,-4761
Gathering Spot,"Pine","...",265,97,-5370
Other,"Kandon-Beda Bank","§2Kandon-Beda Bank",743,151,-4496
Miniquest,"Fishing","81",105,49,-4987
Gathering Spot,"Bass","...",292,27,-5114
Other,"Important Document","Important Document",824,125,-4988
Gathering Spot,"Pine","...",540,29,-5415
Other,"x2 [+914 Combat XP]","§dx2 §7[§f+§d914§f Combat XP§7]",553,116,-5569
Gathering Spot,"Oak","...",446,89,-4878
Territory Post,"Canyon High Path","...",497,29,-5248
Gathering Spot,"Oak","...",439,112,-4832
Gathering Spot,"Pine","...",284,53,-5177
Gathering Spot,"Pine","...",431,31,-5271
Gathering Spot,"Pine","...",446,30,-5233
Gathering Spot,"Pine","...",851,163,-4998
Gathering Spot,"Pine","...",634,121,-4371
Gathering Spot,"Pine","...",440,30,-5245
Gathering Spot,"Oak","...",527,113,-4766
NPC,"Challenger Apprentice","...",477,111,-5578
Other,"x2 [+158 Combat XP]","§dx2 §7[§f+§d168§f Combat XP§7]",347,29,-5328
Territory Post,"Mountain Path","...",319,124,-4355
Other,"(Recommended) Find 4 Player groups for","§dParty Finder",713,46,-4442
ServiceNPC,"Emerald Merchant","...",224,30,-5242
Gathering Spot,"Pine","...",434,74,-4372
Gathering Spot,"Pine","...",764,46,-5398
Gathering Spot,"Pine","...",88,44,-5141
ServiceNPC,"Emerald Merchant","...",918,117,-5465
Other,"x2 [+670 Combat XP]","§dx2 §7[§f+§d670§f Combat XP§7]",289,80,-5028
ServiceNPC,"Scroll Merchant","...",1004,110,-5464
Gathering Spot,"Bass","...",492,27,-5369
Gathering Spot,"Oak","...",812,113,-4984
Gathering Spot,"Pine","...",88,44,-5424
Gathering Spot,"Pine","...",470,29,-4452
Gathering Spot,"Pine","...",161,115,-5490
Gathering Spot,"Pine","...",468,29,-5367
Gathering Spot,"Oak","...",454,115,-4807
Gathering Spot,"Pine","...",84,70,-5540
Territory Post,"Path To Ozoth's Spire Lower","...",224,90,-5203
Other,"Important Document","Important Document",821,121,-4987
Gathering Spot,"Oak","...",499,108,-4717
Other,"x2 [+348 Combat XP]","§dx2 §7[§f+§d348§f Combat XP§7]",270,74,-5355
Gathering Spot,"Pine","...",304,52,-5210
Other,"Kandon-Beda Bank","§2Kandon-Beda Bank",742,153,-4476
Gathering Spot,"Pine","...",456,29,-4962
NPC,"Private","...",91,44,-5376
Service,"Cooking Station","...",738,152,-4471
Gathering Spot,"Pine","...",80,46,-5355
Gathering Spot,"Wheat","...",752,82,-5130
Gathering Spot,"Oak","...",532,111,-4796
Gathering Spot,"Pine","...",278,121,-4534
Gathering Spot,"Pine","...",462,29,-5194
Gathering Spot,"Pine","...",80,64,-5508
Other,"Thesead Bank","§2Thesead Bank",810,98,-5030
Gathering Spot,"Bass","...",295,27,-5081
Gathering Spot,"Bass","...",498,47,-5565
Territory Post,"Path To Ozoth's Spire Upper","...",174,127,-5162
Gathering Spot,"Pine","...",300,30,-5107
ServiceNPC,"Blacksmith","...",945,114,-5486
Gathering Spot,"Pine","...",290,53,-5182
BROKEN,"Gathering Spot","null",447,32,-5301
Gathering Spot,"Oak","...",437,112,-4830
Miniquest,"Farming","81",366,34,-5160
Gathering Spot,"Pine","...",597,124,-4410
ServiceNPC,"Item Identifier","...",216,31,-5265
Gathering Spot,"Rice","...",510,49,-5555
Gathering Spot,"Bass","...",291,55,-4790
Territory Post,"Thesead Suburbs","...",760,47,-5314
NPC,"Master Trinket Merchant","Merchant",343,5,-5613
NPC,"Necromancy Merchant","Merchant",158,7,-5195
NPC,"Transmutation Merchant","Merchant",332,13,-5568
Other,"Eltom Bank","§2Eltom Bank",932,118,-5481
NPC,"Shifty Merchant","Merchant",200,7,-5230
Gathering Spot,"Oak","...",487,63,-4901
Gathering Spot,"Pine","...",88,44,-4953
Gathering Spot,"Pine","...",762,80,-5091
Gathering Spot,"Pine","...",239,83,-5249
Service,"Armouring Station","...",763,81,-5036
Other,"Kandon-Beda Bank","§2Kandon-Beda Bank",734,147,-4503
Territory Post,"Canyon Of The Lost","...",464,30,-4469
Gathering Spot,"Pine","...",389,30,-5332
Miniquest,"Mining","86",27,46,-4672
Gathering Spot,"Pine","...",538,29,-5413
ServiceNPC,"Emerald Merchant","...",164,7,-5322
NPC,"Thanos Citizen","Citizen",141,9,-5282
Gathering Spot,"Pine","...",86,44,-4888
Other,"Kandon-Beda Bank","§2Kandon-Beda Bank",742,148,-4484
Gathering Spot,"Pine","...",291,99,-4815
Other,"Mayor's Office","§bMayor's Office",779,80,-5034
Gathering Spot,"Pine","...",431,31,-5267
Other,"Kandon-Beda Bank","§2Kandon-Beda Bank",734,151,-4488
Service,"Scribing Station","...",226,31,-5265
Other,"Thesead Bank","§2Thesead Bank",798,95,-5011
Gathering Spot,"Oak","...",427,81,-4837
Gathering Spot,"Oak","...",808,113,-4984
Gathering Spot,"Pine","...",117,69,-5420
NPC,"Private Tylas","...",118,49,-5435
NPC,"Accessory Merchant","Merchant",176,7,-5194
Gathering Spot,"Oak","...",503,117,-4806
Gathering Spot,"Bass","...",511,51,-4492
Gathering Spot,"Millet","...",472,78,-4355
Territory Post,"Cinfras Thanos Transition","...",69,46,-4990
Gathering Spot,"Bass","...",479,28,-4437
ServiceNPC,"Blacksmith","...",206,31,-5259
NPC,"Kandon-Beda Citizen","Citizen",747,150,-4454
Gathering Spot,"Wheat","...",782,82,-5146
Other,"x2 [+286 Combat XP]","§dx2 §7[§f+§d286§f Combat XP§7]",358,30,-5338
BROKEN,"Gathering Spot","null",798,82,-5081
BROKEN,"Gathering Spot","null",773,82,-5189
Other,"x2 [+194 Combat XP]","§dx2 §7[§f+§d194§f Combat XP§7]",353,29,-5329
Gathering Spot,"Pine","...",66,87,-4358
Other,"MASTER PRIZE","§d§lMASTER PRIZE",341,5,-5622
Gathering Spot,"Koi","...",557,103,-5547
Gathering Spot,"Oak","...",508,113,-4757
Gathering Spot,"Pine","...",86,44,-5115
Gathering Spot,"Oak","...",489,111,-4804
Gathering Spot,"Pine","...",333,29,-5329
Gathering Spot,"Pine","...",487,28,-5390
Gathering Spot,"Pine","...",531,28,-5378
Gathering Spot,"Pine","...",483,28,-5390
NPC,"???","...",157,57,-5513
Other,"Eltom Bank","§2Eltom Bank",931,118,-5482
Miniquest,"Woodcutting","88",87,84,-4340
Gathering Spot,"Pine","...",506,28,-5407
Gathering Spot,"Pine","...",468,29,-4456
Territory Post,"Air Temple Lower","...",496,33,-4950
Gathering Spot,"Diamond","...",375,63,-4502
Gathering Spot,"Pine","...",391,60,-4502
Gathering Spot,"Bass","...",493,27,-5378
BROKEN,"Gathering Spot","null",86,45,-4879
Gathering Spot,"Pine","...",433,30,-5325
Gathering Spot,"Oak","...",507,108,-4724
NPC,"Transmutation Merchant","Merchant",332,17,-5550
Gathering Spot,"Pine","...",241,87,-5213
Gathering Spot,"Pine","...",685,79,-5089
Gathering Spot,"Pine","...",672,79,-5165
Other,"Important Document","Important Document",821,118,-4986
Gathering Spot,"Pine","...",430,74,-4390
Gathering Spot,"Pine","...",75,45,-5424
Gathering Spot,"Pine","...",619,93,-4379
Gathering Spot,"Pine","...",416,31,-5276
Gathering Spot,"Bamboo","...",220,100,-4364
Gathering Spot,"Oak","...",789,96,-4999
NPC,"Hive Earth Merchant","Merchant",343,17,-5549
Gathering Spot,"Bass","...",87,44,-5091
Gathering Spot,"Pine","...",722,79,-5090
ServiceNPC,"Tool Merchant","...",530,30,-4991
Gathering Spot,"Pine","...",418,31,-5278
Other,"Mayor's Office","§bMayor's Office",811,95,-5022
Other,"Important Document","Important Document",829,127,-4990
Other,"Raid Keeper","§dRaid Keeper",721,45,-4452
Other,"x2 [+604 Combat XP]","§dx2 §7[§f+§d604§f Combat XP§7]",303,70,-4812
Gathering Spot,"Rice","...",507,49,-5563
Gathering Spot,"Pine","...",77,45,-5426
Service,"Alchemism Station","...",735,155,-4480
Gathering Spot,"Pine","...",28,82,-4797
Miniquest,"Slaying","80",562,29,-5421
ServiceNPC,"Tool Merchant","...",423,29,-4929
Other,"x2 [+680 Combat XP]","§dx2 §7[§f+§d680§f Combat XP§7]",299,80,-5037
Gathering Spot,"Oak","...",508,113,-4754
Territory Post,"Military Base Upper","...",220,140,-5472
Gathering Spot,"Pine","...",429,30,-5302
Gathering Spot,"Pine","...",242,83,-5246
Gathering Spot,"Pine","...",84,44,-5424
Gathering Spot,"Oak","...",817,96,-5016
Gathering Spot,"Oak","...",511,112,-4760
Other,"Kandon-Beda Bank","§2Kandon-Beda Bank",749,150,-4501
Gathering Spot,"Oak","...",549,111,-4794
Other,"x2 [+326 Combat XP]","§dx2 §7[§f+§d326§f Combat XP§7]",270,71,-5100
