Gathering Spot,"Oak","...",-221,76,-1773
Gathering Spot,"Copper","...",257,71,-1569
Gathering Spot,"Oak","...",-43,65,-1575
Gathering Spot,"Barley","...",-525,74,-1263
Gathering Spot,"Oak","...",-544,103,-1305
Gathering Spot,"Copper","...",-708,70,-1667
Gathering Spot,"Oak","...",-421,73,-1094
Gathering Spot,"Gudgeon","...",-444,66,-1795
Gathering Spot,"Oak","...",-354,68,-1463
Gathering Spot,"Wheat","...",-823,42,-2025
Gathering Spot,"Willow","...",38,53,-2084
Gathering Spot,"Oak","...",-258,68,-1368
Gathering Spot,"Oak","...",-416,74,-1173
Gathering Spot,"Oak","...",-54,74,-1925
Other,"Get [1 Key]","§7Get §6[1 Key]",-113,48,-962
NPC,"Yahya","...",-292,72,-1386
Gathering Spot,"Oak","...",-161,72,-1648
ServiceNPC,"Scroll Merchant","...",478,67,-1537
Gathering Spot,"Granite","...",-838,117,-1262
Gathering Spot,"Oak","...",-944,110,-1787
Gathering Spot,"Oak","...",-214,68,-1288
Gathering Spot,"Oak","...",-404,68,-1632
Other,"Jump Pad","§e§lJump Pad",-3563,66,-1928
Gathering Spot,"Oak","...",-305,72,-1651
Gathering Spot,"Oak","...",-692,102,-1101
Gathering Spot,"Oak","...",-233,70,-1444
Gathering Spot,"Barley","...",-646,103,-1091
Gathering Spot,"Mushroom","...",-377,72,-1471
Gathering Spot,"Oak","...",-181,70,-1639
Gathering Spot,"Trout","...",-752,129,-1260
Gathering Spot,"Oak","...",-713,102,-1109
Gathering Spot,"Oak","...",-284,68,-1321
Gathering Spot,"Granite","...",-685,126,-1344
NPC,"Homeless Mayor","...",-298,45,-1147
Other,"Mask Shop","§rMask Shop",-589,92,-1426
Gathering Spot,"Barley","...",-524,73,-1270
Gathering Spot,"Willow","...",-53,81,-2031
Other,"Ragni Bank","§2Ragni Bank",-875,70,-1586
Gathering Spot,"Oak","...",-308,71,-1182
Territory Post,"Nivla Woods Entrance","...",-432,70,-1599
Gathering Spot,"Oak","...",-625,101,-1096
Gathering Spot,"Oak","...",-357,68,-1450
Gathering Spot,"Oak","...",-218,69,-1506
Gathering Spot,"Oak","...",-420,70,-1625
Gathering Spot,"Oak","...",-57,63,-1785
Gathering Spot,"Oak","...",-264,72,-1642
Service,"Weaponsmithing Station","...",-1,77,-1195
Gathering Spot,"Oak","...",-211,77,-1732
Gathering Spot,"Oak","...",-221,77,-1732
Gathering Spot,"Oak","...",-128,69,-1500
Gathering Spot,"Oak","...",-400,68,-1380
Service,"Alchemism Station","...",-21,78,-1133
Gathering Spot,"Oak","...",-124,69,-1516
Gathering Spot,"Willow","...",143,51,-2103
ServiceNPC,"Potion Merchant","...",-269,63,-1044
Service,"Woodworking Station","...",-573,50,-1920
Gathering Spot,"Oak","...",-238,70,-1513
Gathering Spot,"Oak","...",-186,77,-1704
Gathering Spot,"Oak","...",-107,69,-1512
Territory Post,"Maltic","...",-560,50,-1929
Gathering Spot,"Oak","...",-205,75,-1768
Gathering Spot,"Birch","...",-27,77,-1144
Gathering Spot,"Oak","...",-185,45,-1100
Gathering Spot,"Oak","...",-380,69,-1397
Territory Post,"Detlas","...",486,69,-1588
Gathering Spot,"Oak","...",-196,77,-1690
Territory Post,"Ragni North Entrance","...",-866,63,-1824
Gathering Spot,"Oak","...",-653,48,-1966
Other,"Difficulty: Easy","§7Difficulty: §aEasy",-287,35,-1832
Territory Post,"Detlas Far Suburbs","...",66,65,-1590
Gathering Spot,"Copper","...",266,69,-1569
Gathering Spot,"Oak","...",-599,68,-1567
Other,"Seasail Shop","§bSeasail Shop",217,39,-2204
Gathering Spot,"Oak","...",-171,76,-1701
Gathering Spot,"Oak","...",-328,72,-1244
Gathering Spot,"Oak","...",-545,103,-1296
NPC,"Bucket Merchant","Merchant",-805,67,-1924
Other,"Detlas Apples","§rDetlas Apples",-825,68,-1562
Gathering Spot,"Oak","...",-11,74,-1218
Service,"Woodworking Station","...",65,40,-2213
Gathering Spot,"Oak","...",-64,66,-1565
Gathering Spot,"Oak","...",-758,65,-1771
Gathering Spot,"Oak","...",-50,68,-1511
NPC,"Nemract Citizen","Citizen",170,42,-2175
Gathering Spot,"Oak","...",-614,102,-1226
Other,"Nemract Library","§6§lNemract Library",29,44,-2182
Gathering Spot,"Oak","...",-452,73,-1071
Gathering Spot,"Gudgeon","...",-5,58,-1778
Gathering Spot,"Oak","...",-888,68,-1527
ServiceNPC,"Potion Merchant","...",-890,60,-1883
Gathering Spot,"Oak","...",-840,43,-1979
BROKEN,"Gathering Spot","null",-162,73,-1231
BROKEN,"Gathering Spot","null",-824,42,-2012
Gathering Spot,"Oak","...",-285,71,-1199
Other,"Ragni Teleport Scroll","§bRagni Teleport Scroll",-813,67,-1565
Gathering Spot,"Oak","...",-67,66,-1551
Gathering Spot,"Barley","...",-718,102,-1169
Gathering Spot,"Oak","...",-41,63,-1715
Gathering Spot,"Oak","...",31,68,-1079
Gathering Spot,"Oak","...",-91,68,-1500
Gathering Spot,"Oak","...",0,67,-1426
Gathering Spot,"Oak","...",-772,35,-2059
BROKEN,"Gathering Spot","null",270,69,-1588
Gathering Spot,"Barley","...",-167,47,-1100
Gathering Spot,"Oak","...",-157,55,-1088
Miniquest,"Woodcutting","18",182,70,-1597
Gathering Spot,"Oak","...",-296,71,-1652
Gathering Spot,"Oak","...",-801,37,-2063
BROKEN,"Gathering Spot","null",-101,69,-1642
Gathering Spot,"Oak","...",-293,37,-2153
ServiceNPC,"Item Identifier","...",-280,45,-1158
Gathering Spot,"Oak","...",-369,73,-1241
Gathering Spot,"Oak","...",-599,102,-1242
Gathering Spot,"Trout","...",-771,129,-1308
Gathering Spot,"Oak","...",-603,103,-1311
Gathering Spot,"Oak","...",-791,65,-1782
Gathering Spot,"Oak","...",-72,66,-1635
Miniquest,"Fishing","18",53,63,-1547
Gathering Spot,"Oak","...",-390,73,-1211
Gathering Spot,"Oak","...",-191,75,-1762
ServiceNPC,"Armour Merchant","...",-869,67,-1557
Gathering Spot,"Oak","...",-61,66,-1562
Gathering Spot,"Oak","...",-245,68,-1376
Gathering Spot,"Granite","...",-679,101,-1349
Booth Shop,"...","...",-811,68,-1901
Gathering Spot,"Oak","...",-556,103,-1306
Gathering Spot,"Oak","...",-201,77,-1728
NPC,"Alchemist","...",22,75,-1167
Gathering Spot,"Oak","...",-97,66,-1798
Gathering Spot,"Oak","...",-124,71,-1699
Gathering Spot,"Wheat","...",-827,70,-1922
Gathering Spot,"Oak","...",-66,66,-1575
Gathering Spot,"Oak","...",-467,35,-2027
Gathering Spot,"Wheat","...",-821,70,-1926
Gathering Spot,"Oak","...",-328,74,-1632
Gathering Spot,"Willow","...",63,51,-2085
Other,"Tempo Town Bank","§2Tempo Town Bank",-292,47,-1152
Gathering Spot,"Oak","...",-112,69,-1642
Gathering Spot,"Spruce","...",20,74,-1020
Gathering Spot,"Oak","...",-369,68,-1484
Miniquest,"Fishing","8",-637,70,-1558
Gathering Spot,"Oak","...",-186,77,-1688
Gathering Spot,"Oak","...",-84,68,-1769
Gathering Spot,"Oak","...",-826,68,-1931
Boss Altar,"Arena of the Legends","...",-693,72,-1069
Other,"Temple Bank","§2Temple Bank",-681,75,-1053
Service,"Boat Fast Travel","...",189,37,-2273
Gathering Spot,"Oak","...",-622,102,-1255
Gathering Spot,"Oak","...",-269,86,-1031
Gathering Spot,"Oak","...",-57,65,-1665
Gathering Spot,"Oak","...",-859,69,-1536
ServiceNPC,"Armour Merchant","...",457,67,-1613
Gathering Spot,"Granite","...",-793,87,-1325
Gathering Spot,"Oak","...",-529,50,-1916
Gathering Spot,"Oak","...",-231,72,-1464
Gathering Spot,"Barley","...",-541,73,-1262
Gathering Spot,"Oak","...",-160,55,-1092
Gathering Spot,"Oak","...",-177,72,-1619
Gathering Spot,"Oak","...",-95,69,-1457
Service,"Alchemism Station","...",-556,51,-1933
Gathering Spot,"Oak","...",-425,70,-1616
Booth Shop,"...","...",-256,81,-1042
Gathering Spot,"Willow","...",2,58,-2090
Other,"Ragni Teleport Scroll","§bRagni Teleport Scroll",-825,71,-1564
Territory Post,"Plains","...",-352,71,-1767
NPC,"Captain Fenor","...",380,68,-1570
Gathering Spot,"Birch","...",40,66,-1683
Other,"[Lv. 11] Area","§6[Lv. 11] Area",-398,50,-1780
Gathering Spot,"Oak","...",-245,71,-1229
Gathering Spot,"Oak","...",-217,56,-1178
Service,"Cooking Station","...",-7,78,-1137
ServiceNPC,"Dungeon Scroll Merchant","...",419,68,-1610
Gathering Spot,"Oak","...",-401,68,-1792
Gathering Spot,"Oak","...",-40,65,-1886
NPC,"Poe","...",34,25,-2191
Service,"Alchemism Station","...",104,42,-2191
Territory Post,"Emerald Trail","...",-543,69,-1601
Gathering Spot,"Oak","...",-418,68,-1448
Gathering Spot,"Granite","...",-777,91,-1186
Gathering Spot,"Oak","...",-47,68,-1340
BROKEN,"Gathering Spot","null",-801,93,-1315
Gathering Spot,"Copper","...",-249,74,-1654
Gathering Spot,"Oak","...",-618,70,-1551
Gathering Spot,"Oak","...",-41,61,-1766
Gathering Spot,"Barley","...",-639,103,-1086
Gathering Spot,"Oak","...",-286,69,-1472
Gathering Spot,"Oak","...",-541,103,-1308
Gathering Spot,"Oak","...",-379,70,-1662
Miniquest,"Mining","8",-563,71,-1547
ServiceNPC,"Emerald Merchant","...",491,67,-1558
Gathering Spot,"Oak","...",-336,70,-1482
NPC,"Ragni Guard","...",-877,68,-1573
Gathering Spot,"Spruce","...",-44,71,-985
Other,"[Right Click to Collect Water]","§2[§aRight Click to Collect Water§2]",10,75,-1188
Gathering Spot,"Wheat","...",-406,66,-1828
Gathering Spot,"Oak","...",-99,72,-1167
Gathering Spot,"Spruce","...",-67,73,-986
Gathering Spot,"Oak","...",-166,68,-1477
Gathering Spot,"Oak","...",-254,84,-1058
Gathering Spot,"Oak","...",-6,76,-1147
Gathering Spot,"Oak","...",-289,71,-1664
Service,"Jeweling Station","...",461,69,-1604
Gathering Spot,"Oak","...",-393,73,-1214
Gathering Spot,"Oak","...",-339,38,-2090
Territory Post,"South Nivla Woods","...",-266,69,-1424
Gathering Spot,"Oak","...",-158,75,-1702
Gathering Spot,"Oak","...",-299,73,-1632
Gathering Spot,"Oak","...",-78,71,-1210
Gathering Spot,"Oak","...",-414,40,-2037
Service,"Tailoring Station","...",-23,76,-1165
Gathering Spot,"Wheat","...",-467,40,-1992
Gathering Spot,"Oak","...",-757,68,-1909
Service,"Tailoring Station","...",142,42,-2181
Gathering Spot,"Oak","...",-90,69,-1696
Booth Shop,"...","...",164,36,-2280
Gathering Spot,"Oak","...",-543,103,-1294
Service,"Cooking Station","...",441,69,-1574
Gathering Spot,"Oak","...",-40,68,-1401
ServiceNPC,"Emerald Merchant","...",85,42,-2215
Territory Post,"Detlas Close Suburbs","...",341,69,-1578
Gathering Spot,"Oak","...",-230,75,-1658
Gathering Spot,"Oak","...",-156,68,-1309
Gathering Spot,"Oak","...",-221,77,-1738
Gathering Spot,"Salmon","...",-67,72,-1914
Gathering Spot,"Oak","...",-106,70,-1686
Service,"Armouring Station","...",-7,77,-1191
NPC,"Bored Farmer","...",-824,67,-1910
Territory Post,"Plains Coast","...",-110,50,-2181
Territory Post,"Coastal Trail","...",-643,39,-2026
Gathering Spot,"Oak","...",-183,77,-1696
Gathering Spot,"Wheat","...",-820,41,-2051
Gathering Spot,"Oak","...",-209,77,-1664
Gathering Spot,"Granite","...",-835,86,-1317
NPC,"Bowl Merchant","Merchant",-292,72,-1377
Gathering Spot,"Oak","...",-226,69,-1475
ServiceNPC,"Dungeon Scroll Merchant","...",42,39,-2198
Gathering Spot,"Oak","...",-329,74,-1640
Gathering Spot,"Oak","...",-63,68,-1472
Gathering Spot,"Oak","...",-307,74,-1625
NPC,"Leucsaa","...",201,39,-2173
Gathering Spot,"Oak","...",-83,72,-1205
Gathering Spot,"Oak","...",-519,72,-1225
Other,"Level: 9","§7Level: §f9",-911,62,-1887
Territory Post,"Sanctuary Bridge","...",-273,82,-1052
NPC,"Ragni's King","...",-939,67,-1567
Gathering Spot,"Barley","...",-721,102,-1175
Gathering Spot,"Oak","...",-130,72,-1687
Gathering Spot,"Trout","...",-392,72,-1016
Service,"Woodworking Station","...",-818,70,-1593
Gathering Spot,"Oak","...",-259,71,-1499
NPC,"Sayrr","...",-409,40,-2155
Gathering Spot,"Oak","...",-141,70,-1642
Gathering Spot,"Gudgeon","...",-282,71,-1652
Service,"Housing Balloon","...",152,42,-2191
Gathering Spot,"Barley","...",-171,47,-1086
Gathering Spot,"Oak","...",-245,72,-1479
Gathering Spot,"Millet","...",-867,123,-2487
Gathering Spot,"Oak","...",-318,73,-1640
Gathering Spot,"Granite","...",-800,85,-1164
Gathering Spot,"Oak","...",-858,54,-1915
BROKEN,"Gathering Spot","null",3,66,-1439
Service,"Armouring Station","...",126,46,-2138
Gathering Spot,"Oak","...",-318,68,-1397
Gathering Spot,"Gudgeon","...",-428,10,-2039
Gathering Spot,"Oak","...",-661,68,-1602
Gathering Spot,"Acacia","...",-308,98,-1046
Gathering Spot,"Oak","...",-422,70,-1620
Service,"Scribing Station","...",32,42,-2184
Gathering Spot,"Oak","...",-412,74,-1192
Gathering Spot,"Oak","...",-615,70,-1554
Gathering Spot,"Wheat","...",-394,63,-1857
Gathering Spot,"Oak","...",-220,77,-1753
Gathering Spot,"Gold","...",3,54,-2055
Gathering Spot,"Oak","...",-288,71,-1652
Gathering Spot,"Oak","...",-497,72,-1693
Gathering Spot,"Oak","...",-180,70,-1495
Gathering Spot,"Copper","...",-554,68,-1499
Gathering Spot,"Gudgeon","...",99,35,-2271
Gathering Spot,"Oak","...",282,68,-1590
Gathering Spot,"Granite","...",-675,101,-1331
Gathering Spot,"Oak","...",-134,72,-1693
Gathering Spot,"Granite","...",-838,114,-1251
Gathering Spot,"Oak","...",-272,85,-1058
Gathering Spot,"Wheat","...",-415,63,-1849
Gathering Spot,"Oak","...",-110,66,-1795
Territory Post,"Ragni East Suburbs","...",-667,68,-1731
ServiceNPC,"Armour Merchant","...",147,43,-2153
Gathering Spot,"Copper","...",261,69,-1571
Gathering Spot,"Oak","...",-412,40,-2035
Gathering Spot,"Barley","...",-644,103,-1083
Gathering Spot,"Oak","...",-593,37,-2034
Gathering Spot,"Oak","...",-351,68,-1450
Gathering Spot,"Oak","...",-355,73,-1651
Gathering Spot,"Oak","...",-273,69,-1474
Gathering Spot,"Oak","...",-367,68,-1486
Gathering Spot,"Oak","...",-84,68,-1695
Gathering Spot,"Oak","...",-403,68,-1643
Gathering Spot,"Oak","...",-890,68,-1525
Service,"Housing Balloon","...",-835,68,-1541
Gathering Spot,"Wheat","...",-824,70,-1917
Gathering Spot,"Oak","...",-438,70,-1616
Gathering Spot,"Oak","...",-226,72,-1463
Gathering Spot,"Wheat","...",-688,58,-1897
Gathering Spot,"Oak","...",-402,72,-1254
Gathering Spot,"Oak","...",-537,71,-1568
Gathering Spot,"Oak","...",-547,103,-1308
Gathering Spot,"Granite","...",-841,118,-1274
ServiceNPC,"Potion Merchant","...",114,41,-2172
Gathering Spot,"Gold","...",-3,64,-2073
Gathering Spot,"Willow","...",164,50,-2118
Gathering Spot,"Oak","...",-238,72,-1459
Gathering Spot,"Oak","...",-431,64,-1839
Gathering Spot,"Gudgeon","...",-430,10,-2038
Service,"Trade Market","...",502,70,-1570
Gathering Spot,"Oak","...",-370,69,-1475
Gathering Spot,"Oak","...",-148,68,-1399
Gathering Spot,"Oak","...",-278,68,-1483
Gathering Spot,"Spruce","...",-1,73,-994
ServiceNPC,"Emerald Merchant","...",488,67,-1551
Gathering Spot,"Oak","...",-221,72,-1464
Gathering Spot,"Gold","...",-11,64,-2061
Gathering Spot,"Oak","...",-424,73,-1091
Territory Post,"Maltic Plains","...",-521,64,-1809
Gathering Spot,"Oak","...",-523,71,-1560
Gathering Spot,"Oak","...",-893,68,-1514
Territory Post,"North Nivla Woods","...",-116,73,-1723
Gathering Spot,"Oak","...",-240,69,-1492
Gathering Spot,"Oak","...",-344,72,-1169
Service,"Woodworking Station","...",478,69,-1572
Gathering Spot,"Oak","...",-615,70,-1548
Gathering Spot,"Oak","...",-115,71,-1702
ServiceNPC,"Weapon Merchant","...",116,45,-2152
Gathering Spot,"Oak","...",-191,77,-1729
Gathering Spot,"Granite","...",-547,69,-1530
Gathering Spot,"Barley","...",-527,73,-1269
NPC,"Tyko","...",87,39,-2199
Gathering Spot,"Oak","...",-650,101,-1123
Gathering Spot,"Oak","...",-475,72,-1281
Gathering Spot,"Oak","...",-738,100,-1113
Gathering Spot,"Oak","...",-344,68,-1450
Gathering Spot,"Wheat","...",-692,56,-1939
Gathering Spot,"Oak","...",-346,72,-1167
Gathering Spot,"Oak","...",-148,71,-1646
Territory Post,"Abandoned Farm","...",-493,106,-1348
Gathering Spot,"Granite","...",-773,87,-1172
Gathering Spot,"Oak","...",-108,72,-1223
Gathering Spot,"Granite","...",-772,95,-1193
Gathering Spot,"Oak","...",-86,67,-1638
BROKEN,"Gathering Spot","null",97,68,-1595
Gathering Spot,"Oak","...",-672,101,-1105
NPC,"Mylo","...",184,55,-2142
Gathering Spot,"Oak","...",-150,71,-1195
Gathering Spot,"Gudgeon","...",-410,11,-2049
ServiceNPC,"Emerald Merchant","...",86,42,-2229
Gathering Spot,"Oak","...",-829,69,-1548
Gathering Spot,"Oak","...",-474,73,-1250
Other,"Difficulty: Easy","§7Difficulty: §aEasy",-911,62,-1885
Gathering Spot,"Oak","...",-421,74,-1183
Gathering Spot,"Oak","...",-368,71,-1657
Gathering Spot,"Trout","...",-542,35,-2043
Gathering Spot,"Oak","...",-541,103,-1296
Gathering Spot,"Oak","...",-370,71,-1648
Other,"Detlas Bank","§2Detlas Bank",473,71,-1568
Gathering Spot,"Wheat","...",-461,40,-1996
Gathering Spot,"Wheat","...",-451,41,-1974
ServiceNPC,"Powder Master","...",-558,50,-1914
Other,"Seasail Shop","§bSeasail Shop",107,39,-2249
Gathering Spot,"Birch","...",99,67,-1593
Gathering Spot,"Oak","...",-79,67,-1638
Service,"Armouring Station","...",475,69,-1600
Gathering Spot,"Spruce","...",-15,72,-984
Other,"Bowl Merchant","§bBowl Merchant",-279,69,-1418
Gathering Spot,"Oak","...",-108,67,-1787
BROKEN,"Gathering Spot","null",-680,127,-1355
Gathering Spot,"Gudgeon","...",-639,67,-1530
Service,"Scribing Station","...",-821,69,-1565
Gathering Spot,"Oak","...",-368,69,-1473
Gathering Spot,"Oak","...",-664,101,-1117
Gathering Spot,"Oak","...",-482,72,-1274
Gathering Spot,"Copper","...",-519,39,-1998
Gathering Spot,"Oak","...",-762,41,-2244
NPC,"Accessory Merchant","Merchant",-249,72,-1409
ServiceNPC,"Blacksmith","...",-3,75,-1184
Gathering Spot,"Oak","...",-935,122,-1891
Gathering Spot,"Oak","...",-358,68,-1480
Gathering Spot,"Oak","...",-375,70,-1458
Gathering Spot,"Oak","...",-37,65,-1883
Gathering Spot,"Oak","...",-442,39,-2029
Gathering Spot,"Granite","...",-837,117,-1255
Gathering Spot,"Oak","...",-175,68,-1486
Gathering Spot,"Granite","...",-655,102,-1332
Gathering Spot,"Spruce","...",-82,71,-939
Gathering Spot,"Oak","...",-209,77,-1766
Gathering Spot,"Oak","...",-419,70,-1632
Gathering Spot,"Oak","...",-845,69,-1508
Gathering Spot,"Oak","...",-358,69,-1792
Gathering Spot,"Oak","...",-165,76,-1698
Gathering Spot,"Oak","...",-235,72,-1462
NPC,"Ragon","...",-80,67,-1391
NPC,"The Banker","...",498,67,-1558
Miniquest,"Woodcutting","23",16,40,-2203
Gathering Spot,"Oak","...",-752,71,-1474
Gathering Spot,"Oak","...",-728,102,-1123
Other,"Attack to pick up","§2Attack to pick up",-619,103,-1431
NPC,"The Assistant","...",491,68,-1575
ServiceNPC,"Potion Merchant","...",452,67,-1595
Gathering Spot,"Oak","...",-428,70,-1621
Gathering Spot,"Oak","...",-110,68,-1297
Gathering Spot,"Oak","...",-220,69,-1508
ServiceNPC,"Item Identifier","...",468,67,-1581
Gathering Spot,"Oak","...",-564,103,-1274
Other,"Training Arena","§cTraining Arena",-705,75,-1053
BROKEN,"Gathering Spot","null",-153,73,-1643
ServiceNPC,"Tool Merchant","...",-275,69,-1408
Gathering Spot,"Trout","...",-772,129,-1311
Gathering Spot,"Oak","...",-716,68,-1515
Gathering Spot,"Spruce","...",-29,70,-935
Gathering Spot,"Oak","...",-241,70,-1449
Gathering Spot,"Oak","...",349,68,-1571
Gathering Spot,"Copper","...",-156,70,-1492
NPC,"Yahya","...",-277,71,-1681
ServiceNPC,"Weapon Merchant","...",507,36,-1594
Gathering Spot,"Oak","...",-308,73,-1638
Gathering Spot,"Oak","...",-75,67,-1651
Gathering Spot,"Oak","...",-416,70,-1645
Gathering Spot,"Oak","...",-856,69,-1520
Gathering Spot,"Oak","...",-66,67,-1680
Gathering Spot,"Oak","...",-198,45,-1135
Gathering Spot,"Oak","...",-81,68,-1692
Gathering Spot,"Oak","...",-69,67,-1675
Territory Post,"Road to Elkurn","...",-53,69,-1389
Gathering Spot,"Gudgeon","...",-417,10,-2040
Gathering Spot,"Oak","...",-819,68,-1913
Gathering Spot,"Oak","...",-133,69,-1786
Gathering Spot,"Oak","...",-216,71,-1646
Territory Post,"South Farmers Valley","...",-440,54,-1927
ServiceNPC,"Tool Merchant","...",-168,40,-2208
Gathering Spot,"Oak","...",-669,100,-1140
Gathering Spot,"Birch","...",0,61,-1566
Gathering Spot,"Oak","...",-298,72,-1656
Gathering Spot,"Granite","...",-777,90,-1164
NPC,"Ticket Merchant","Merchant",419,67,-1564
Gathering Spot,"Oak","...",-223,75,-1657
Other,"Ragni Bank","§2Ragni Bank",-855,70,-1586
Gathering Spot,"Oak","...",-312,71,-1179
Gathering Spot,"Barley","...",-165,47,-1090
Gathering Spot,"Copper","...",-504,39,-1997
Gathering Spot,"Mushroom","...",-155,73,-1642
Territory Post,"Nesaak Plains Upper North West","...",-53,75,-1018
NPC,"Mask Merchant","Merchant",-580,89,-1426
Gathering Spot,"Granite","...",-650,102,-1327
NPC,"Maltic Citizen","Citizen",-549,49,-1925
Gathering Spot,"Oak","...",-107,75,-1385
ServiceNPC,"Weapon Merchant","...",-808,68,-1596
Gathering Spot,"Oak","...",-332,70,-1453
Other,"Mask Shop","§rMask Shop",-588,92,-1427
NPC,"Suri, the Study Merchant","Merchant",-92,67,-1386
Gathering Spot,"Oak","...",-21,68,-1503
NPC,"Rynend","...",-568,48,-1922
Gathering Spot,"Oak","...",-294,71,-1452
Gathering Spot,"Oak","...",-334,70,-1455
Service,"Woodworking Station","...",3,77,-1199
Service,"Weaponsmithing Station","...",-573,50,-1933
Gathering Spot,"Spruce","...",12,73,-997
ServiceNPC,"Emerald Merchant","...",85,42,-2225
Gathering Spot,"Oak","...",-51,66,-1570
BROKEN,"Gathering Spot","null",-868,123,-2475
ServiceNPC,"Blacksmith","...",-565,69,-1597
Gathering Spot,"Oak","...",-635,38,-2028
Gathering Spot,"Oak","...",-781,68,-1919
Gathering Spot,"Oak","...",-105,67,-1784
Gathering Spot,"Oak","...",-391,69,-1407
Gathering Spot,"Oak","...",-655,68,-1625
ServiceNPC,"Armour Merchant","...",-865,67,-1561
Gathering Spot,"Spruce","...",-27,70,-953
Gathering Spot,"Oak","...",-946,110,-1789
Gathering Spot,"Oak","...",-50,68,-1498
NPC,"Ope","...",-316,74,-1598
Gathering Spot,"Oak","...",-358,68,-1476
Gathering Spot,"Oak","...",-216,71,-1639
Territory Post,"Ragni","...",-841,70,-1526
Gathering Spot,"Oak","...",-327,74,-1625
Gathering Spot,"Oak","...",-326,68,-1809
BROKEN,"Gathering Spot","null",-769,70,-1915
Gathering Spot,"Oak","...",-785,68,-1919
Gathering Spot,"Oak","...",-75,71,-1207
Gathering Spot,"Oak","...",-388,71,-1438
Miniquest,"Mining","18",-879,114,-1330
Gathering Spot,"Oak","...",-739,68,-1507
BROKEN,"Gathering Spot","null",-49,71,-973
ServiceNPC,"Emerald Merchant","...",-284,43,-1152
Gathering Spot,"Oak","...",-319,68,-1372
Gathering Spot,"Oak","...",-117,71,-1688
Gathering Spot,"Oak","...",-53,68,-1501
Other,"RIGHT CLICK","§7With an empty hand",-572,69,-1103
Gathering Spot,"Granite","...",-782,84,-1159
Gathering Spot,"Spruce","...",-87,71,-959
Gathering Spot,"Gold","...",-76,73,-928
ServiceNPC,"Tool Merchant","...",20,39,-2203
Gathering Spot,"Oak","...",-613,101,-1088
Gathering Spot,"Oak","...",-817,69,-1517
NPC,"Enzan","...",-772,68,-1574
Gathering Spot,"Oak","...",-150,69,-1789
Gathering Spot,"Acacia","...",-224,98,-1045
NPC,"Stiba, the Weapon Merchant","Merchant",-75,67,-1389
Gathering Spot,"Oak","...",-560,103,-1324
NPC,"Sayleros","...",476,68,-1624
Service,"Weaponsmithing Station","...",481,69,-1591
Other,"Level: 18","§7Level: §f18",-287,35,-1834
Gathering Spot,"Oak","...",-60,65,-1662
Gathering Spot,"Oak","...",-158,74,-1683
Gathering Spot,"Oak","...",-189,70,-1485
Gathering Spot,"Oak","...",-522,51,-1894
Territory Post,"Detlas Trail West Plains","...",62,68,-1660
Gathering Spot,"Copper","...",-486,72,-1694
Gathering Spot,"Oak","...",-185,69,-1481
Gathering Spot,"Oak","...",-14,62,-1537
Gathering Spot,"Oak","...",-223,56,-1178
BROKEN,"Gathering Spot","null",-715,102,-1153
Gathering Spot,"Oak","...",-268,69,-1481
Gathering Spot,"Gudgeon","...",-409,11,-2046
Gathering Spot,"Oak","...",-144,73,-1688
Gathering Spot,"Oak","...",-235,72,-1469
Other,"Dungeon Shop","§6Dungeon Shop",-168,67,-1835
Territory Post,"Nemract Plains West","...",-30,60,-1872
Gathering Spot,"Oak","...",-424,74,-1180
Gathering Spot,"Oak","...",-397,74,-1027
Gathering Spot,"Oak","...",-239,71,-1200
NPC,"Ragamal","...",58,25,-2212
Gathering Spot,"Granite","...",-787,88,-1148
Gathering Spot,"Copper","...",-515,39,-1995
Gathering Spot,"Oak","...",-68,66,-1628
Gathering Spot,"Oak","...",-228,76,-1665
Miniquest,"Woodcutting","8",-433,70,-1591
Gathering Spot,"Oak","...",-188,55,-1163
ServiceNPC,"Emerald Merchant","...",-856,67,-1599
Gathering Spot,"Oak","...",-550,103,-1339
Gathering Spot,"Oak","...",-182,45,-1103
Other,"[Corroded Key]","§7Right Click with",-497,65,-1630
ServiceNPC,"Powder Master","...",-166,72,-1632
Gathering Spot,"Oak","...",-710,68,-1515
Gathering Spot,"Oak","...",-380,70,-1667
Gathering Spot,"Wheat","...",-463,40,-1984
Gathering Spot,"Gudgeon","...",-419,10,-2041
Gathering Spot,"Oak","...",-707,102,-1122
Gathering Spot,"Oak","...",-224,77,-1743
ServiceNPC,"Emerald Merchant","...",484,67,-1551
Gathering Spot,"Oak","...",-278,86,-1040
Gathering Spot,"Oak","...",-459,35,-2038
Gathering Spot,"Birch","...",-204,78,-1661
Gathering Spot,"Oak","...",-844,69,-1544
Gathering Spot,"Barley","...",-170,47,-1107
Gathering Spot,"Oak","...",-680,68,-1660
Gathering Spot,"Oak","...",-54,66,-1566
Gathering Spot,"Oak","...",-46,65,-1563
Gathering Spot,"Oak","...",-329,68,-1350
Gathering Spot,"Oak","...",-168,68,-1475
Gathering Spot,"Oak","...",-118,70,-1502
BROKEN,"Gathering Spot","null",-696,103,-1339
Gathering Spot,"Oak","...",-459,35,-2034
Gathering Spot,"Oak","...",-120,71,-1682
Gathering Spot,"Granite","...",-811,97,-1172
Gathering Spot,"Granite","...",-689,130,-1351
Gathering Spot,"Oak","...",-163,70,-1203
Other,"Durability:","§2[§a|||||100%|||||§2]",-853,119,-2459
ServiceNPC,"Tool Merchant","...",76,51,-2024
Gathering Spot,"Oak","...",-99,69,-1454
Gathering Spot,"Oak","...",-558,65,-1882
Dungeon,"Decrepit Sewers","...",-911,62,-1886
Other,"Attack to pick up","§aAttack to pick up",-748,67,-1667
Gathering Spot,"Oak","...",-230,71,-1799
Gathering Spot,"Oak","...",-90,68,-1304
Gathering Spot,"Oak","...",-82,71,-1224
Dungeon,"Infested Pit","...",-287,35,-1833
ServiceNPC,"Blacksmith","...",-289,45,-1157
Gathering Spot,"Oak","...",-165,78,-1636
ServiceNPC,"Tool Merchant","...",-655,106,-1244
Gathering Spot,"Oak","...",-80,68,-1564
Gathering Spot,"Oak","...",-476,36,-2015
Gathering Spot,"Barley","...",-530,52,-1919
Gathering Spot,"Willow","...",98,51,-2091
Gathering Spot,"Oak","...",-326,72,-1199
Gathering Spot,"Oak","...",-99,68,-1319
Gathering Spot,"Gudgeon","...",-452,66,-1796
Service,"Woodworking Station","...",-280,70,-1395
ServiceNPC,"Emerald Merchant","...",96,41,-2225
Gathering Spot,"Oak","...",-121,68,-1835
Gathering Spot,"Oak","...",-332,74,-1650
Gathering Spot,"Oak","...",-203,77,-1763
Gathering Spot,"Copper","...",-546,67,-1500
Territory Post,"Nemract Town","...",127,42,-2190
Gathering Spot,"Oak","...",-272,69,-1467
Gathering Spot,"Gudgeon","...",-418,10,-2036
Gathering Spot,"Oak","...",-339,69,-1461
Gathering Spot,"Oak","...",-437,68,-1487
Gathering Spot,"Oak","...",-229,72,-1466
Gathering Spot,"Oak","...",-97,67,-1781
BROKEN,"Gathering Spot","null",-215,57,-1176
Gathering Spot,"Oak","...",-185,72,-1766
Gathering Spot,"Oak","...",-797,64,-1796
Gathering Spot,"Birch","...",50,63,-1616
Gathering Spot,"Granite","...",-704,99,-1351
BROKEN,"Gathering Spot","null",-679,56,-1930
Gathering Spot,"Gudgeon","...",-422,11,-2056
Gathering Spot,"Oak","...",-245,68,-1353
Gathering Spot,"Wheat","...",-425,62,-1854
Gathering Spot,"Oak","...",-468,73,-1249
Gathering Spot,"Millet","...",-862,123,-2469
Gathering Spot,"Oak","...",-233,68,-1501
Gathering Spot,"Oak","...",-659,100,-1136
Gathering Spot,"Oak","...",-121,69,-1643
Gathering Spot,"Barley","...",-728,103,-1165
Other,"Dungeon Shop","§6Dungeon Shop",-922,67,-1877
Gathering Spot,"Granite","...",-631,107,-1309
Gathering Spot,"Spruce","...",-25,72,-979
Territory Post,"Ragni Main Entrance","...",-698,69,-1578
Gathering Spot,"Oak","...",-770,42,-2211
Gathering Spot,"Oak","...",-646,38,-2022
Gathering Spot,"Oak","...",-139,68,-1505
Gathering Spot,"Oak","...",-788,35,-1998
Gathering Spot,"Oak","...",268,68,-1590
Gathering Spot,"Barley","...",-173,47,-1090
ServiceNPC,"Emerald Merchant","...",86,41,-2211
Gathering Spot,"Gudgeon","...",-411,11,-2047
Gathering Spot,"Oak","...",-115,68,-1303
Gathering Spot,"Barley","...",-526,73,-1275
Gathering Spot,"Oak","...",-152,67,-1796
Other,"Store items here!","§a§lBank",-856,66,-1580
ServiceNPC,"Dungeon Merchant","...",-168,64,-1840
Other,"Bank","§a§lBank",-876,66,-1584
Gathering Spot,"Oak","...",-362,67,-1488
Gathering Spot,"Oak","...",-383,69,-1423
ServiceNPC,"Blacksmith","...",96,38,-2244
Gathering Spot,"Oak","...",-520,38,-2003
Gathering Spot,"Oak","...",-95,68,-1269
Gathering Spot,"Oak","...",-272,73,-1632
Gathering Spot,"Oak","...",-654,101,-1129
Gathering Spot,"Granite","...",-835,115,-1265
Gathering Spot,"Oak","...",-195,72,-1774
Gathering Spot,"Barley","...",-541,73,-1268
Gathering Spot,"Oak","...",-416,73,-1021
NPC,"Otium","...",-913,68,-1537
ServiceNPC,"Tool Merchant","...",-571,47,-1947
Gathering Spot,"Oak","...",-115,72,-1189
Service,"Housing Balloon","...",455,68,-1571
Gathering Spot,"Oak","...",-267,73,-1624
Territory Post,"Pigmen Ravines","...",-673,95,-1390
Gathering Spot,"Oak","...",-58,65,-1659
ServiceNPC,"Potion Merchant","...",-12,76,-1135
Gathering Spot,"Oak","...",-191,77,-1717
Other,"Detlas Airbase","§3Detlas Airbase",435,70,-1548
Gathering Spot,"Oak","...",-161,71,-1511
Gathering Spot,"Oak","...",-84,66,-1788
Gathering Spot,"Oak","...",-215,74,-1778
Gathering Spot,"Oak","...",-193,45,-1124
ServiceNPC,"Emerald Merchant","...",491,67,-1554
Gathering Spot,"Oak","...",-743,101,-1128
NPC,"Farmer Cevalus","...",-748,68,-1663
Gathering Spot,"Oak","...",-404,68,-1477
ServiceNPC,"Powder Master","...",-309,45,-1149
Gathering Spot,"Gudgeon","...",-425,11,-2055
NPC,"Asher","...",-449,73,-1153
Gathering Spot,"Trout","...",-769,129,-1319
Gathering Spot,"Barley","...",-166,47,-1094
Gathering Spot,"Oak","...",-32,71,-1200
NPC,"Detlas Citizen","Citizen",413,68,-1580
Gathering Spot,"Copper","...",-254,73,-1658
Gathering Spot,"Gold","...",-6,54,-2076
NPC,"Yahya","...",446,67,-1588
Service,"Armouring Station","...",-547,50,-1918
NPC,"Key Collector","Utility",-922,67,-1885
Gathering Spot,"Barley","...",-522,73,-1276
Gathering Spot,"Oak","...",-243,68,-1380
Gathering Spot,"Oak","...",-74,66,-1790
Gathering Spot,"Oak","...",-575,103,-1269
Gathering Spot,"Oak","...",-421,55,-1922
Gathering Spot,"Oak","...",-66,66,-1635
NPC,"Sergeant Klafson","...",-738,68,-1595
Gathering Spot,"Oak","...",-227,68,-1324
Gathering Spot,"Oak","...",-80,67,-1668
Gathering Spot,"Oak","...",-770,42,-2218
Gathering Spot,"Oak","...",-406,69,-1665
Gathering Spot,"Gudgeon","...",-864,54,-1894
NPC,"Garull","...",-919,82,-1223
Gathering Spot,"Oak","...",-205,70,-1492
Gathering Spot,"Oak","...",-596,68,-1570
Gathering Spot,"Oak","...",-79,72,-1208
Gathering Spot,"Oak","...",-782,44,-2237
Gathering Spot,"Oak","...",-366,69,-1496
Gathering Spot,"Oak","...",-186,70,-1643
NPC,"Lava Pool","...",-3199,24,-1731
Gathering Spot,"Oak","...",-316,70,-1484
Gathering Spot,"Oak","...",-89,67,-1786
Territory Post,"Nesaak Plains Lower North West","...",-89,71,-893
NPC,"Omango","...",-540,35,-2020
ServiceNPC,"Emerald Merchant","...",95,41,-2229
NPC,"Viraex","...",5,75,-1147
Gathering Spot,"Gudgeon","...",-279,71,-1671
Gathering Spot,"Oak","...",-254,72,-1483
Gathering Spot,"Birch","...",271,68,-1581
Gathering Spot,"Oak","...",-422,68,-1358
Gathering Spot,"Salmon","...",-222,85,-1877
Gathering Spot,"Oak","...",-296,72,-1646
Gathering Spot,"Oak","...",-253,86,-1037
Gathering Spot,"Oak","...",-223,70,-1442
Gathering Spot,"Oak","...",-235,77,-1767
Other,"Attack to pick up","§aAttack to pick up",-504,68,-1630
Gathering Spot,"Oak","...",-14,74,-1215
Gathering Spot,"Oak","...",-281,72,-1635
Gathering Spot,"Birch","...",18,73,-1205
Gathering Spot,"Granite","...",-761,93,-1305
Gathering Spot,"Granite","...",-844,116,-1278
Gathering Spot,"Oak","...",-656,69,-1539
Gathering Spot,"Oak","...",-658,101,-1116
Gathering Spot,"Oak","...",-399,68,-1675
ServiceNPC,"Item Identifier","...",-553,67,-1581
Gathering Spot,"Oak","...",-119,70,-1497
Gathering Spot,"Oak","...",-698,102,-1104
Gathering Spot,"Oak","...",-379,70,-1458
Service,"Tailoring Station","...",-873,69,-1559
Gathering Spot,"Oak","...",-108,72,-1205
Gathering Spot,"Oak","...",-717,102,-1122
Gathering Spot,"Oak","...",-843,43,-1983
Gathering Spot,"Birch","...",29,65,-1689
NPC,"Drucksh","...",71,41,-2178
Gathering Spot,"Oak","...",-619,102,-1252
Gathering Spot,"Oak","...",-83,72,-1211
Gathering Spot,"Oak","...",-139,68,-1844
Gathering Spot,"Oak","...",-291,37,-2151
Gathering Spot,"Copper","...",-460,71,-1661
Gathering Spot,"Mushroom","...",-180,73,-1623
Gathering Spot,"Granite","...",-673,127,-1332
Other,"HUNT!","§c§lHUNT!",-169,42,-998
BROKEN,"Gathering Spot","null",-76,73,-925
ServiceNPC,"Item Identifier","...",85,40,-2179
Gathering Spot,"Wheat","...",-391,67,-1828
Miniquest,"Fishing","23",220,37,-2131
Gathering Spot,"Oak","...",-829,69,-1505
Gathering Spot,"Oak","...",-752,35,-2220
Gathering Spot,"Spruce","...",-18,72,-973
Gathering Spot,"Barley","...",-775,70,-1933
Gathering Spot,"Granite","...",-46,73,-998
Gathering Spot,"Oak","...",-229,70,-1449
Gathering Spot,"Oak","...",-668,101,-1110
ServiceNPC,"Tool Merchant","...",-43,73,-1155
Gathering Spot,"Oak","...",-107,68,-1304
Gathering Spot,"Oak","...",-489,68,-1571
Other,"[Right-click to Harvest]","§7[Right-click to Harvest]",-260,51,-1553
Territory Post,"Detlas Suburbs","...",201,70,-1577
Gathering Spot,"Oak","...",-283,70,-1458
Gathering Spot,"Oak","...",-768,72,-1456
Gathering Spot,"Oak","...",-689,66,-1864
Gathering Spot,"Gudgeon","...",-233,77,-1875
Gathering Spot,"Oak","...",-856,69,-1532
Gathering Spot,"Oak","...",-144,73,-1678
Gathering Spot,"Oak","...",-94,68,-1262
Service,"Scribing Station","...",-251,80,-1419
Gathering Spot,"Oak","...",-108,73,-1419
Gathering Spot,"Oak","...",-408,68,-1345
Gathering Spot,"Spruce","...",2,73,-987
Other,"Detlas Airbase","§3Detlas Airbase",434,70,-1549
ServiceNPC,"Item Identifier","...",-803,67,-1569
Gathering Spot,"Wheat","...",-888,71,-1649
Gathering Spot,"Oak","...",-645,101,-1109
Gathering Spot,"Granite","...",-786,84,-1171
Gathering Spot,"Oak","...",-300,72,-1654
Gathering Spot,"Granite","...",-848,115,-1287
Gathering Spot,"Oak","...",-238,68,-1276
Service,"Tailoring Station","...",-553,50,-1920
Gathering Spot,"Oak","...",-368,71,-1292
Gathering Spot,"Oak","...",-231,68,-1504
Gathering Spot,"Copper","...",-501,40,-1998
Gathering Spot,"Oak","...",-654,69,-1541
Gathering Spot,"Oak","...",-59,65,-1658
Service,"Scribing Station","...",460,69,-1598
Gathering Spot,"Oak","...",-762,101,-1157
NPC,"Mask Salesman","...",-328,62,-1973
Gathering Spot,"Oak","...",11,73,-1222
Gathering Spot,"Granite","...",-775,89,-1306
Gathering Spot,"Gudgeon","...",-423,11,-2054
Gathering Spot,"Oak","...",-108,68,-1807
Gathering Spot,"Oak","...",-88,73,-1421
Gathering Spot,"Oak","...",-65,68,-1474
Gathering Spot,"Oak","...",-188,77,-1706
BROKEN,"Gathering Spot","null",-354,69,-1467
Gathering Spot,"Oak","...",-223,71,-1799
Miniquest,"Farming","8",-781,69,-1742
Gathering Spot,"Granite","...",-834,115,-1260
Gathering Spot,"Oak","...",-219,68,-1273
Gathering Spot,"Oak","...",-865,51,-1946
Gathering Spot,"Oak","...",-162,68,-1305
ServiceNPC,"Blacksmith","...",487,67,-1597
Booth Shop,"...","...",-281,36,-1835
Gathering Spot,"Oak","...",-513,73,-1237
BROKEN,"Gathering Spot","null",8,79,-1136
Gathering Spot,"Oak","...",-312,72,-1657
Gathering Spot,"Gudgeon","...",-904,65,-1820
Gathering Spot,"Oak","...",-464,72,-1281
Gathering Spot,"Oak","...",-342,72,-1167
Gathering Spot,"Oak","...",-382,70,-1412
Gathering Spot,"Spruce","...",-74,71,-974
Gathering Spot,"Trout","...",-764,129,-1328
Gathering Spot,"Oak","...",-320,74,-1646
Gathering Spot,"Wheat","...",-397,63,-1854
Gathering Spot,"Oak","...",-672,100,-1137
Gathering Spot,"Barley","...",-533,73,-1266
Gathering Spot,"Oak","...",-167,78,-1638
Gathering Spot,"Oak","...",-166,69,-1497
Gathering Spot,"Oak","...",-476,36,-2020
Gathering Spot,"Oak","...",-394,69,-1410
Gathering Spot,"Gudgeon","...",-749,54,-1880
Service,"Weaponsmithing Station","...",-808,70,-1591
NPC,"Captain Enduyn","...",-192,45,-1822
Gathering Spot,"Oak","...",-203,73,-1777
Gathering Spot,"Oak","...",-558,103,-1340
Gathering Spot,"Oak","...",-507,73,-1237
Other,"Bakery","§fBakery",-854,71,-1567
Gathering Spot,"Oak","...",-126,73,-1216
Gathering Spot,"Oak","...",-89,70,-1174
Gathering Spot,"Oak","...",-757,68,-1905
ServiceNPC,"Liquid Merchant","...",474,67,-1554
Gathering Spot,"Oak","...",-67,66,-1785
Gathering Spot,"Oak","...",-60,65,-1637
Gathering Spot,"Oak","...",-752,39,-1976
Gathering Spot,"Birch","...",12,61,-1688
BROKEN,"Gathering Spot","null",-157,73,-1639
BROKEN,"Gathering Spot","null",-657,73,-1639
Gathering Spot,"Oak","...",-656,100,-1145
Gathering Spot,"Oak","...",-256,71,-1494
Gathering Spot,"Oak","...",-319,70,-1488
Gathering Spot,"Oak","...",-600,49,-1959
Gathering Spot,"Willow","...",-3,38,-2231
Gathering Spot,"Oak","...",-299,72,-1638
BROKEN,"Gathering Spot","null",-460,42,-1973
Gathering Spot,"Oak","...",-419,73,-1024
Gathering Spot,"Oak","...",-196,70,-1639
Booth Shop,"...","...",-825,68,-1536
Gathering Spot,"Oak","...",-32,73,-1086
BROKEN,"Gathering Spot","null",-176,48,-1097
NPC,"Maltic Citizen","Citizen",-556,47,-1946
Gathering Spot,"Oak","...",-761,38,-1980
Gathering Spot,"Oak","...",-416,73,-1027
Gathering Spot,"Gudgeon","...",-237,77,-1876
Territory Post,"Nemract Quarry","...",-76,80,-2017
Gathering Spot,"Oak","...",-336,68,-1368
Gathering Spot,"Oak","...",-593,68,-1567
Gathering Spot,"Oak","...",-412,68,-1635
Gathering Spot,"Oak","...",-520,68,-1532
Gathering Spot,"Wheat","...",-775,70,-1922
Gathering Spot,"Spruce","...",-18,71,-964
Gathering Spot,"Oak","...",-210,71,-1464
ServiceNPC,"Emerald Merchant","...",96,41,-2215
Gathering Spot,"Copper","...",-463,71,-1663
BROKEN,"Gathering Spot","null",8,79,-1129
ServiceNPC,"Tool Merchant","...",-575,103,-1300
Gathering Spot,"Oak","...",-433,73,-1248
Gathering Spot,"Willow","...",100,48,-2123
Service,"Cooking Station","...",-851,69,-1561
Gathering Spot,"Oak","...",-179,45,-1126
Gathering Spot,"Oak","...",-273,69,-1460
Gathering Spot,"Gudgeon","...",-419,10,-2039
Gathering Spot,"Oak","...",-252,73,-1648
Gathering Spot,"Oak","...",-847,69,-1547
Other,"Dungeon Shop","§6Dungeon Shop",-169,67,-1836
Gathering Spot,"Oak","...",-61,65,-1657
Gathering Spot,"Oak","...",-50,65,-1604
Gathering Spot,"Oak","...",-181,77,-1702
Gathering Spot,"Oak","...",-153,71,-1640
Gathering Spot,"Granite","...",-677,114,-1325
Gathering Spot,"Oak","...",-137,69,-1377
Other,"Seasail Shop","§bSeasail Shop",161,39,-2238
Gathering Spot,"Acacia","...",-344,98,-1045
NPC,"Barman","...",119,41,-2173
Gathering Spot,"Oak","...",-858,54,-1921
BROKEN,"Gathering Spot","null",-783,89,-1298
Gathering Spot,"Oak","...",-725,66,-1762
Gathering Spot,"Oak","...",-93,69,-1524
ServiceNPC,"Blacksmith","...",-858,67,-1549
Gathering Spot,"Oak","...",-53,65,-1648
Gathering Spot,"Oak","...",-166,68,-1305
Gathering Spot,"Oak","...",-163,68,-1479
Other,"In Memory of Bob","§7In Memory of Bob",-933,70,-1610
Gathering Spot,"Oak","...",-153,69,-1488
Gathering Spot,"Oak","...",-573,103,-1284
Gathering Spot,"Oak","...",-381,69,-1425
Gathering Spot,"Birch","...",235,70,-1580
Gathering Spot,"Barley","...",-512,105,-1294
Gathering Spot,"Oak","...",284,68,-1588
Service,"Armouring Station","...",-867,69,-1564
ServiceNPC,"Powder Master","...",185,40,-2173
Gathering Spot,"Oak","...",-808,64,-1791
Gathering Spot,"Granite","...",-840,117,-1253
Gathering Spot,"Oak","...",-242,70,-1492
Gathering Spot,"Oak","...",-209,70,-1498
Gathering Spot,"Oak","...",-502,38,-2005
BROKEN,"Gathering Spot","null",-932,73,-1769
Gathering Spot,"Oak","...",-219,72,-1471
Other,"Dungeon Shop","§6Dungeon Shop",-167,67,-1836
Territory Post,"Little Wood","...",-648,101,-1134
Gathering Spot,"Oak","...",-241,68,-1833
Gathering Spot,"Oak","...",-458,73,-1071
Gathering Spot,"Copper","...",253,69,-1573
Gathering Spot,"Barley","...",-642,103,-1090
Gathering Spot,"Spruce","...",10,74,-1009
Gathering Spot,"Wheat","...",-453,41,-1977
Gathering Spot,"Copper","...",-697,70,-1669
Territory Post,"Pigmen Ravines Entrance","...",-874,75,-1384
Gathering Spot,"Copper","...",-470,71,-1673
Gathering Spot,"Oak","...",-478,73,-1250
Gathering Spot,"Oak","...",-60,68,-1307
Other,"Seasail Shop","§bSeasail Shop",64,39,-2239
Gathering Spot,"Oak","...",-75,67,-1654
Gathering Spot,"Wheat","...",-412,63,-1847
Gathering Spot,"Oak","...",-85,66,-1799
Territory Post,"Ragni Plains","...",-661,68,-1869
Gathering Spot,"Oak","...",-346,68,-1446
Gathering Spot,"Oak","...",-237,69,-1502
Gathering Spot,"Oak","...",-55,65,-1658
Gathering Spot,"Oak","...",-548,103,-1341
Gathering Spot,"Willow","...",-190,39,-2206
Gathering Spot,"Oak","...",-182,71,-1772
Gathering Spot,"Copper","...",-202,71,-1650
Gathering Spot,"Oak","...",-371,69,-1799
Gathering Spot,"Trout","...",175,35,-2276
Gathering Spot,"Oak","...",-53,66,-1572
Gathering Spot,"Willow","...",-269,38,-2158
Gathering Spot,"Granite","...",-848,85,-1297
Gathering Spot,"Oak","...",-319,68,-1388
Gathering Spot,"Oak","...",-386,69,-1647
Gathering Spot,"Oak","...",-329,74,-1647
Gathering Spot,"Oak","...",-166,68,-1789
Gathering Spot,"Oak","...",-84,67,-1780
Gathering Spot,"Trout","...",-770,129,-1316
BROKEN,"Gathering Spot","null",-557,70,-1530
Gathering Spot,"Oak","...",-46,65,-1578
Gathering Spot,"Barley","...",-731,103,-1174
Gathering Spot,"Oak","...",-747,35,-2018
Gathering Spot,"Barley","...",-647,103,-1075
Gathering Spot,"Oak","...",-576,103,-1324
NPC,"The Cook","...",-847,67,-1562
Gathering Spot,"Oak","...",-297,71,-1457
Other,"0/2","§a0§2/2",-435,36,-1742
Gathering Spot,"Granite","...",-795,85,-1317
ServiceNPC,"Emerald Merchant","...",-850,67,-1596
Gathering Spot,"Oak","...",-456,36,-2022
Gathering Spot,"Oak","...",-99,70,-1704
Other,"Ragni Bank","§2Ragni Bank",-856,70,-1587
Gathering Spot,"Oak","...",-218,72,-1467
Gathering Spot,"Oak","...",-594,101,-1224
Gathering Spot,"Oak","...",-551,71,-1233
Gathering Spot,"Trout","...",-749,129,-1257
NPC,"Seaskipper Captain","Utility",182,34,-2274
Gathering Spot,"Wheat","...",-678,58,-1904
Gathering Spot,"Granite","...",-781,93,-1170
Gathering Spot,"Oak","...",-192,71,-1488
Gathering Spot,"Oak","...",-252,84,-1056
Gathering Spot,"Birch","...",6,75,-1158
Gathering Spot,"Copper","...",-556,69,-1528
Gathering Spot,"Oak","...",-566,103,-1276
Gathering Spot,"Oak","...",-476,73,-1248
Other,"Bowl Merchant","§bBowl Merchant",-286,71,-1387
Gathering Spot,"Oak","...",6,73,-1099
Gathering Spot,"Oak","...",-275,71,-1197
Gathering Spot,"Oak","...",-237,77,-1750
Gathering Spot,"Oak","...",-326,71,-1161
Gathering Spot,"Oak","...",-728,68,-1684
Gathering Spot,"Birch","...",29,63,-1661
Gathering Spot,"Trout","...",-641,101,-1274
ServiceNPC,"Blacksmith","...",-833,67,-1586
Gathering Spot,"Oak","...",-150,74,-1689
NPC,"Mysterious Merchant","Merchant",-290,44,-1146
Gathering Spot,"Oak","...",-159,68,-1312
Gathering Spot,"Oak","...",-224,69,-1477
Gathering Spot,"Oak","...",-419,68,-1355
ServiceNPC,"Blacksmith","...",-620,91,-1416
Gathering Spot,"Oak","...",-105,68,-1302
Gathering Spot,"Oak","...",-320,74,-1625
ServiceNPC,"Potion Merchant","...",-142,67,-1806
Gathering Spot,"Oak","...",-798,68,-1907
Gathering Spot,"Oak","...",-219,77,-1757
Gathering Spot,"Oak","...",-255,86,-1035
Gathering Spot,"Willow","...",-87,49,-2230
Gathering Spot,"Oak","...",-386,69,-1464
Gathering Spot,"Oak","...",-121,70,-1509
Gathering Spot,"Oak","...",-584,38,-2028
Gathering Spot,"Wheat","...",-457,40,-1988
BROKEN,"Gathering Spot","null",-56,63,-1812
Gathering Spot,"Oak","...",-649,100,-1145
NPC,"Harv","...",67,23,-2176
Gathering Spot,"Oak","...",-53,68,-1450
Gathering Spot,"Oak","...",-280,86,-1057
Gathering Spot,"Oak","...",-120,71,-1145
BROKEN,"Gathering Spot","null",-716,71,-1728
Gathering Spot,"Oak","...",-87,72,-1431
ServiceNPC,"Scroll Merchant","...",-300,43,-1141
Gathering Spot,"Oak","...",-89,68,-1498
Gathering Spot,"Oak","...",-96,71,-1186
ServiceNPC,"Blacksmith","...",-825,69,-1495
Gathering Spot,"Granite","...",-683,130,-1328
Gathering Spot,"Oak","...",-216,72,-1474
Service,"Cooking Station","...",-569,49,-1942
Gathering Spot,"Copper","...",-581,71,-1560
Gathering Spot,"Birch","...",-11,75,-1182
ServiceNPC,"Item Identifier","...",-646,67,-1043
Gathering Spot,"Oak","...",-629,101,-1111
Service,"Scribing Station","...",18,77,-1181
Gathering Spot,"Oak","...",-548,37,-2007
NPC,"Pottur","...",-263,81,-1051
Gathering Spot,"Oak","...",-103,69,-1636
Gathering Spot,"Gudgeon","...",-634,67,-1531
ServiceNPC,"Emerald Merchant","...",-662,67,-1048
Other,"Mask Shop","§rMask Shop",-588,92,-1425
NPC,"Barman","...",115,41,-2172
Gathering Spot,"Oak","...",-707,101,-1191
Gathering Spot,"Granite","...",-675,126,-1339
Gathering Spot,"Granite","...",-685,108,-1336
ServiceNPC,"Tool Merchant","...",-649,68,-1599
Gathering Spot,"Oak","...",-391,69,-1659
Gathering Spot,"Oak","...",-238,69,-1494
ServiceNPC,"Tool Merchant","...",182,69,-1608
Other,"Katoa Ranch","§rKatoa Ranch",-866,55,-1901
Gathering Spot,"Oak","...",-296,70,-1276
NPC,"Doug the Scout","...",-299,73,-1234
NPC,"Jenprest","...",-890,61,-1874
Gathering Spot,"Copper","...",-463,72,-1673
Gathering Spot,"Oak","...",-160,68,-1795
Other,"Ragni Bank","§2Ragni Bank",-857,70,-1586
Gathering Spot,"Oak","...",-78,66,-1783
Gathering Spot,"Oak","...",-237,72,-1467
Gathering Spot,"Copper","...",-166,71,-1501
BROKEN,"Gathering Spot","null",-721,103,-1164
Other,"[Lv. 20] Area","§4§lDANGER!",-417,38,-1806
Gathering Spot,"Oak","...",-909,65,-1800
Territory Post,"Ragni North Suburbs","...",-783,64,-1815
Gathering Spot,"Oak","...",-242,71,-1197
NPC,"Egg Merchant","Merchant",-538,59,-1830
Gathering Spot,"Oak","...",-348,72,-1184
BROKEN,"Gathering Spot","null",-694,56,-1932
Gathering Spot,"Oak","...",-121,68,-1829
Gathering Spot,"Oak","...",-137,68,-1846
Gathering Spot,"Oak","...",-641,101,-1125
Gathering Spot,"Oak","...",-51,66,-1563
Gathering Spot,"Granite","...",-643,106,-1306
Gathering Spot,"Oak","...",-371,68,-1486
Gathering Spot,"Oak","...",-861,60,-1847
Gathering Spot,"Gudgeon","...",-543,35,-2037
Gathering Spot,"Oak","...",-796,68,-1909
Service,"Tailoring Station","...",-308,75,-1400
Gathering Spot,"Oak","...",-845,69,-1501
Gathering Spot,"Oak","...",-351,72,-1187
Gathering Spot,"Oak","...",-285,40,-2141
Gathering Spot,"Oak","...",-741,100,-1108
Gathering Spot,"Oak","...",-775,64,-1807
Gathering Spot,"Oak","...",-136,69,-1639
ServiceNPC,"Blacksmith","...",-574,50,-1924
Gathering Spot,"Oak","...",-465,73,-1245
Gathering Spot,"Oak","...",-236,75,-1650
Gathering Spot,"Gudgeon","...",-448,66,-1796
Gathering Spot,"Oak","...",-245,73,-1645
Gathering Spot,"Oak","...",-226,73,-1644
Gathering Spot,"Oak","...",-90,68,-1298
NPC,"Thomas","...",-609,89,-1432
Gathering Spot,"Oak","...",-474,36,-2018
Gathering Spot,"Oak","...",-142,73,-1695
Gathering Spot,"Oak","...",-307,39,-2121
Gathering Spot,"Oak","...",-88,69,-1617
NPC,"Merloni","...",210,37,-2150
Gathering Spot,"Oak","...",-237,77,-1727
Gathering Spot,"Oak","...",-72,67,-1683
Gathering Spot,"Oak","...",-295,71,-1664
Gathering Spot,"Oak","...",-108,68,-1295
Gathering Spot,"Oak","...",-760,35,-2114
Gathering Spot,"Oak","...",-65,66,-1633
ServiceNPC,"Tool Merchant","...",-122,72,-1175
Gathering Spot,"Spruce","...",-85,71,-971
Miniquest,"Farming","18",-539,104,-1306
Gathering Spot,"Oak","...",-295,72,-1638
Service,"Jeweling Station","...",-818,69,-1584
Gathering Spot,"Birch","...",267,68,-1581
Gathering Spot,"Oak","...",-373,70,-1446
Gathering Spot,"Oak","...",-240,69,-1499
Gathering Spot,"Spruce","...",-8,73,-982
Gathering Spot,"Oak","...",-329,68,-1381
ServiceNPC,"Potion Merchant","...",-618,89,-1443
Gathering Spot,"Oak","...",-464,70,-1653
ServiceNPC,"Powder Master","...",493,69,-1621
Gathering Spot,"Oak","...",-721,102,-1123
Gathering Spot,"Oak","...",-191,71,-1500
BROKEN,"Gathering Spot","null",260,69,-1596
Gathering Spot,"Oak","...",-188,55,-1159
NPC,"Dumble","...",-266,81,-1040
Gathering Spot,"Oak","...",-551,103,-1318
Gathering Spot,"Wheat","...",-782,70,-1911
Gathering Spot,"Copper","...",-200,71,-1653
Gathering Spot,"Oak","...",-338,72,-1240
Gathering Spot,"Oak","...",-316,39,-2116
Gathering Spot,"Oak","...",-227,68,-1339
Gathering Spot,"Oak","...",-130,68,-1325
Gathering Spot,"Oak","...",-329,68,-1375
Gathering Spot,"Oak","...",-227,74,-1651
Gathering Spot,"Wheat","...",-681,57,-1926
Gathering Spot,"Oak","...",-238,70,-1453
Gathering Spot,"Willow","...",131,50,-2092
Gathering Spot,"Granite","...",-399,44,-2031
Gathering Spot,"Millet","...",-863,123,-2491
Territory Post,"Nivla Woods Edge","...",-56,67,-1592
Gathering Spot,"Oak","...",-385,69,-1674
Gathering Spot,"Wheat","...",-775,70,-1913
Other,"Seasail Shop","§bSeasail Shop",106,39,-2250
Other,"Ragni Bank","§2Ragni Bank",-856,70,-1585
NPC,"Basement Dweller","...",443,57,-1544
ServiceNPC,"Dungeon Merchant","...",-922,68,-1875
Service,"Weaponsmithing Station","...",120,46,-2138
Gathering Spot,"Spruce","...",-62,73,-993
NPC,"Bucket Merchant","Merchant",-805,67,-1919
Gathering Spot,"Gold","...",-10,74,-963
Gathering Spot,"Oak","...",-354,68,-1459
Gathering Spot,"Gold","...",-23,54,-2081
Gathering Spot,"Oak","...",-601,102,-1239
Gathering Spot,"Spruce","...",-73,69,-948
NPC,"Key Collector","Utility",-268,66,-1051
Gathering Spot,"Oak","...",-20,76,-1106
Gathering Spot,"Oak","...",-371,71,-1288
Gathering Spot,"Gudgeon","...",-5,59,-1729
NPC,"Marlow","...",68,23,-2181
Gathering Spot,"Copper","...",-476,71,-1695
Gathering Spot,"Oak","...",-784,67,-1760
NPC,"Key Collector","Utility",-282,37,-1829
Gathering Spot,"Oak","...",-651,100,-1143
Gathering Spot,"Oak","...",-391,69,-1671
ServiceNPC,"Potion Merchant","...",-821,68,-1593
Gathering Spot,"Granite","...",-768,89,-1147
Gathering Spot,"Oak","...",-67,67,-1684
Gathering Spot,"Oak","...",-260,71,-1650
Service,"Alchemism Station","...",456,70,-1592
Gathering Spot,"Oak","...",-631,101,-1129
Gathering Spot,"Oak","...",-173,75,-1681
Gathering Spot,"Oak","...",-163,68,-1483
Gathering Spot,"Oak","...",-515,72,-1225
Gathering Spot,"Oak","...",-123,67,-1790
NPC,"Nemract Citizen","Citizen",122,41,-2180
Gathering Spot,"Oak","...",-75,67,-1689
Gathering Spot,"Oak","...",-119,67,-1795
Gathering Spot,"Oak","...",-761,68,-1890
Gathering Spot,"Oak","...",-761,68,-1894
Gathering Spot,"Granite","...",-645,102,-1322
Gathering Spot,"Oak","...",-67,68,-1592
NPC,"Vagrant Van","...",196,68,-1591
Gathering Spot,"Acacia","...",-188,98,-1044
Gathering Spot,"Oak","...",-258,71,-1478
Gathering Spot,"Oak","...",34,67,-1087
NPC,"Nemract Citizen","Citizen",119,39,-2247
Gathering Spot,"Oak","...",-525,72,-1232
Gathering Spot,"Oak","...",-571,103,-1282
Gathering Spot,"Spruce","...",-136,73,-1035
Territory Post,"Elkurn","...",-2,76,-1163
ServiceNPC,"Emerald Merchant","...",95,42,-2211
Gathering Spot,"Oak","...",-171,69,-1465
Other,"Detlas Bank","§2Detlas Bank",474,71,-1569
Service,"Jeweling Station","...",-46,74,-1146
Other,"Ore Refinery","§6Wood Refinery",177,67,-1595
Gathering Spot,"Gudgeon","...",-7,59,-1714
Service,"Alchemism Station","...",-822,71,-1587
Gathering Spot,"Wheat","...",-821,70,-1920
BROKEN,"Gathering Spot","null",-98,69,-1299
Gathering Spot,"Spruce","...",24,73,-1035
Gathering Spot,"Oak","...",-112,72,-1186
Territory Post,"Road to Time Valley","...",-417,69,-1444
Gathering Spot,"Birch","...",-14,75,-1184
Gathering Spot,"Oak","...",-458,36,-2020
Gathering Spot,"Oak","...",-668,101,-1101
Gathering Spot,"Oak","...",-794,68,-1907
Gathering Spot,"Gudgeon","...",-610,35,-2045
Gathering Spot,"Spruce","...",-57,74,-1006
Gathering Spot,"Oak","...",-370,69,-1471
Territory Post,"North Farmers Valley","...",-278,78,-1996
Gathering Spot,"Oak","...",-220,77,-1749
Service,"Jeweling Station","...",111,41,-2220
Gathering Spot,"Oak","...",-51,74,-1922
Gathering Spot,"Oak","...",-612,70,-1551
Gathering Spot,"Oak","...",-495,68,-1585
NPC,"Laen","...",24,39,-2199
Gathering Spot,"Oak","...",-283,40,-2133
Gathering Spot,"Oak","...",-788,65,-1785
Other,"Seasail Shop","§bSeasail Shop",93,39,-2248
Gathering Spot,"Oak","...",-771,72,-1453
NPC,"Ravine Villager","...",-614,86,-1411
Gathering Spot,"Oak","...",-558,103,-1336
Other,"Seasail Shop","§bSeasail Shop",170,39,-2222
Gathering Spot,"Oak","...",-348,72,-1190
Gathering Spot,"Oak","...",-386,71,-1436
Service,"Cooking Station","...",79,41,-2190
Gathering Spot,"Oak","...",-312,73,-1643
Gathering Spot,"Oak","...",-733,38,-1991
Gathering Spot,"Copper","...",-542,69,-1535
Gathering Spot,"Oak","...",-237,74,-1645
Gathering Spot,"Oak","...",-142,70,-1781
Gathering Spot,"Oak","...",-225,74,-1651
Gathering Spot,"Oak","...",-100,69,-1512
BROKEN,"Gathering Spot","null",-128,70,-1781
Gathering Spot,"Oak","...",-39,61,-1764
ServiceNPC,"Tool Merchant","...",-830,68,-1901
Gathering Spot,"Oak","...",-241,77,-1733
Gathering Spot,"Gudgeon","...",-621,67,-1533
ServiceNPC,"Item Identifier","...",-629,90,-1401
Gathering Spot,"Oak","...",-303,72,-1646
Gathering Spot,"Copper","...",-554,68,-1521
Territory Post,"Maltic Coast","...",-462,37,-2021
Gathering Spot,"Oak","...",-287,71,-1647
Gathering Spot,"Oak","...",-891,68,-1516
BROKEN,"Gathering Spot","null",290,70,-1568
Service,"Tailoring Station","...",466,69,-1607
Gathering Spot,"Wheat","...",-816,40,-2041
Gathering Spot,"Oak","...",-217,70,-1449
Gathering Spot,"Oak","...",-625,102,-1252
Gathering Spot,"Oak","...",-98,68,-1295
ServiceNPC,"Dungeon Merchant","...",-274,65,-1051
Gathering Spot,"Oak","...",-323,74,-1633
Gathering Spot,"Oak","...",-870,51,-1946
Gathering Spot,"Wheat","...",-777,70,-1921
Gathering Spot,"Oak","...",-853,69,-1517
Other,"Stairs","§2Stairs",-541,70,-1592
Territory Post,"South Pigmen Ravines","...",-744,100,-1284
Gathering Spot,"Oak","...",-202,77,-1737
Gathering Spot,"Oak","...",-54,65,-1617
Gathering Spot,"Oak","...",-333,61,-1995
Gathering Spot,"Copper","...",-539,69,-1528
Gathering Spot,"Oak","...",-163,70,-1209
ServiceNPC,"Tool Merchant","...",-63,70,-896
Gathering Spot,"Oak","...",-145,71,-1514
Gathering Spot,"Oak","...",-782,44,-2244
NPC,"Dure","...",-258,81,-1047
Gathering Spot,"Oak","...",-212,71,-1458
Gathering Spot,"Oak","...",-85,69,-1613
Gathering Spot,"Oak","...",-96,66,-1805
Gathering Spot,"Oak","...",-823,68,-1913
Gathering Spot,"Oak","...",-59,66,-1548
Gathering Spot,"Oak","...",-266,70,-1471
Gathering Spot,"Spruce","...",-71,71,-938
Other,"Seasail Shop","§bSeasail Shop",120,39,-2236
Gathering Spot,"Oak","...",-410,69,-1650
Gathering Spot,"Spruce","...",-41,68,-947
Gathering Spot,"Oak","...",-826,69,-1551
Gathering Spot,"Wheat","...",-731,61,-1810
Gathering Spot,"Oak","...",-262,84,-1034
Gathering Spot,"Wheat","...",-724,61,-1809
Gathering Spot,"Oak","...",-200,72,-1489
ServiceNPC,"Emerald Merchant","...",-864,67,-1600
Gathering Spot,"Oak","...",-343,69,-1461
NPC,"Alvin","...",-318,74,-1468
NPC,"Wirt","...",-820,94,-1040
Gathering Spot,"Barley","...",-726,102,-1172
Other,"Bowl Merchant","§bBowl Merchant",-287,71,-1388
Gathering Spot,"Oak","...",-395,40,-2046
Gathering Spot,"Oak","...",-77,66,-1796
ServiceNPC,"Scroll Merchant","...",-816,67,-1561
ServiceNPC,"Item Identifier","...",-547,50,-1935
Gathering Spot,"Oak","...",-323,68,-1340
Gathering Spot,"Barley","...",-174,47,-1102
Gathering Spot,"Oak","...",-566,103,-1272
Gathering Spot,"Wheat","...",-734,62,-1812
Gathering Spot,"Oak","...",-686,35,-2047
Gathering Spot,"Oak","...",-232,74,-1642
Gathering Spot,"Oak","...",-58,65,-1639
ServiceNPC,"Scroll Merchant","...",123,40,-2208
Gathering Spot,"Barley","...",-536,73,-1271
Gathering Spot,"Oak","...",-729,102,-1105
Gathering Spot,"Oak","...",-797,37,-2063
Gathering Spot,"Oak","...",-529,72,-1232
Gathering Spot,"Willow","...",1,59,-1964
Gathering Spot,"Oak","...",-618,102,-1228
Gathering Spot,"Oak","...",-523,71,-1566
ServiceNPC,"Liquid Merchant","...",488,67,-1568
NPC,"Therck","...",-536,70,-1589
Gathering Spot,"Oak","...",-23,76,-1109
Gathering Spot,"Oak","...",-504,72,-1270
Gathering Spot,"Oak","...",-749,71,-1477
Gathering Spot,"Oak","...",-351,68,-1373
Gathering Spot,"Oak","...",-470,35,-2023
Other,"to open the door","§a0§2/1",-43,45,-994
Territory Post,"Katoa Ranch","...",-810,69,-1914
Gathering Spot,"Gudgeon","...",-412,11,-2045
Territory Post,"Elkurn Fields","...",-245,72,-1217
Gathering Spot,"Oak","...",-596,68,-1564
Gathering Spot,"Oak","...",-532,68,-1616
Gathering Spot,"Oak","...",-56,65,-1645
Gathering Spot,"Oak","...",-391,69,-1647
Gathering Spot,"Oak","...",-780,68,-1909
Gathering Spot,"Wheat","...",-457,45,-1962
Other,"Ragni Bank","§2Ragni Bank",-874,70,-1585
